<?xml version="1.0" encoding="utf-16"?>
<ArrayOfCategory xmlns:xsd="http://www.w3.org/2001/XMLSchema" xmlns:xsi="http://www.w3.org/2001/XMLSchema-instance">
  <Category>
    <Identity>
      <Id>0AE913A4F18A483FB6B3BFA4D0FEBF60</Id>
      <AutomaticallyPopulate>true</AutomaticallyPopulate>
      <Name>Attestiv</Name>
      <Description />
    </Identity>
    <Description />
    <ResourceAccessList>
      <ResourceAccess>
        <ResourceIdentity>
          <Id>7DF43CCDF24611D2804B00104B71BD15</Id>
          <AutomaticallyPopulate>true</AutomaticallyPopulate>
          <Name>Everyone</Name>
          <ResourceType>GroupOfWorkers</ResourceType>
          <EmailAddress />
          <UserId />
          <ManagerialLevel>0</ManagerialLevel>
        </ResourceIdentity>
        <AccessType>MaintenanceAccess</AccessType>
        <PermissionType>FullControl</PermissionType>
      </ResourceAccess>
    </ResourceAccessList>
    <LastModifiedDate>2024-11-26T13:11:01.533</LastModifiedDate>
    <LastModifiedUser>C13E87D165A945399B1E6A40F637B5C1</LastModifiedUser>
    <LastModifiedUserName>Rafael Castro</LastModifiedUserName>
  </Category>
</ArrayOfCategory>