<?xml version="1.0" encoding="utf-16"?><SpaPackageImportExportData xmlns:xsd="http://www.w3.org/2001/XMLSchema" xmlns:xsi="http://www.w3.org/2001/XMLSchema-instance" dbversion="8.1"><PackageSummary><SpaPackageIdentity><Id>A7A32F951AA246A8BD1ACDC22714AED1</Id><Name>Attestiv Connector</Name><Version>4</Version></SpaPackageIdentity><Description /><CategoryIdentity><Id>0AE913A4F18A483FB6B3BFA4D0FEBF60</Id><AutomaticallyPopulate>true</AutomaticallyPopulate><Name>Attestiv</Name><Description /></CategoryIdentity><LastModifiedDateTime>2025-04-23T22:31:39.627</LastModifiedDateTime><LastModifiedResource><Id>C13E87D165A945399B1E6A40F637B5C1</Id><AutomaticallyPopulate>true</AutomaticallyPopulate><ResourceType>Worker</ResourceType><EmailAddress /><UserId /><ManagerialLevel>0</ManagerialLevel></LastModifiedResource><Comments /><ResourceAccessTokens><ResourceAccess><ResourceIdentity><Id>7DF43CCDF24611D2804B00104B71BD15</Id><AutomaticallyPopulate>true</AutomaticallyPopulate><Name>Everyone</Name><ResourceType>GroupOfWorkers</ResourceType><EmailAddress /><UserId /><ManagerialLevel>0</ManagerialLevel></ResourceIdentity><AccessType>MaintenanceAccess</AccessType><PermissionType>FullControl</PermissionType></ResourceAccess></ResourceAccessTokens><PermissionType>FullControl</PermissionType><SourceControlStatus>NotInSourceControl</SourceControlStatus><SpaPackageType>Default</SpaPackageType></PackageSummary><Processes><ImportExportPackageSummaryOfProcessIdentity><Identity><Id>F430CA2ED9FE4358ABFFA74BCD3A19FB</Id><AutomaticallyPopulate>true</AutomaticallyPopulate><Version>10</Version><Name>Attestiv_Image_Analysis</Name></Identity><LastModifiedBy><Id>C13E87D165A945399B1E6A40F637B5C1</Id><AutomaticallyPopulate>true</AutomaticallyPopulate><ResourceType>Worker</ResourceType><EmailAddress /><UserId /><ManagerialLevel>0</ManagerialLevel></LastModifiedBy><LastModified>2024-12-09T21:28:41.783</LastModified></ImportExportPackageSummaryOfProcessIdentity><ImportExportPackageSummaryOfProcessIdentity><Identity><Id>7CBA4C48FDE2A7DD04DB56D0C5B078E6</Id><AutomaticallyPopulate>true</AutomaticallyPopulate><Version>6</Version><Name>Attestiv_New_Request</Name></Identity><LastModifiedBy><Id>C13E87D165A945399B1E6A40F637B5C1</Id><AutomaticallyPopulate>true</AutomaticallyPopulate><ResourceType>Worker</ResourceType><EmailAddress /><UserId /><ManagerialLevel>0</ManagerialLevel></LastModifiedBy><LastModified>2024-12-09T21:18:23.483</LastModified></ImportExportPackageSummaryOfProcessIdentity><ImportExportPackageSummaryOfProcessIdentity><Identity><Id>20DA5BB6517EA7589E8ACF571709318C</Id><AutomaticallyPopulate>true</AutomaticallyPopulate><Version>7</Version><Name>Attestiv_Image_Analysis_Bulk</Name></Identity><LastModifiedBy><Id>C13E87D165A945399B1E6A40F637B5C1</Id><AutomaticallyPopulate>true</AutomaticallyPopulate><ResourceType>Worker</ResourceType><EmailAddress /><UserId /><ManagerialLevel>0</ManagerialLevel></LastModifiedBy><LastModified>2024-12-09T18:23:39.703</LastModified></ImportExportPackageSummaryOfProcessIdentity></Processes><ProcessExportOption><ExportResources>false</ExportResources><ExportGroupResourceMembers>false</ExportGroupResourceMembers><ExportResourcesExtensions>false</ExportResourcesExtensions><ExportCategories>false</ExportCategories><WithCategoryParentage>false</WithCategoryParentage><GeneralizedExport>false</GeneralizedExport><ExportDotNetReferencesWithPath>true</ExportDotNetReferencesWithPath><ExportCaseFragments>false</ExportCaseFragments><ExportTemplateSkins>true</ExportTemplateSkins><ExportExtractionClassificationData>true</ExportExtractionClassificationData><ExportGlobalDataModels>false</ExportGlobalDataModels><ExportProcessDataModels>false</ExportProcessDataModels><ExportType>CombineAssociatedMaps</ExportType><Version>0</Version><ExportServerVariables>true</ExportServerVariables><PreloadScript>1</PreloadScript><SleepDuration>0</SleepDuration><CategoryIds /><ProcessDocument>false</ProcessDocument><ProcessViewer>false</ProcessViewer><DotNetActivityType>0</DotNetActivityType><Projects /><AllProcessVariables /><ExportOnlyDocumentGroupIdentityDetails>false</ExportOnlyDocumentGroupIdentityDetails><SiteDetailsRequired>false</SiteDetailsRequired><CmisSiteDetailsRequired>false</CmisSiteDetailsRequired><Assets /><PerceptiveSiteDetailsRequired>false</PerceptiveSiteDetailsRequired><IncludeExportConnectorMappings>false</IncludeExportConnectorMappings><IncludeDocumentTypeRetentionPolicy>false</IncludeDocumentTypeRetentionPolicy><IsSpaExport>false</IsSpaExport><ProcessType>BusinessProcess</ProcessType><ProtectedItems /><ExportPageRenditions>false</ExportPageRenditions><ExportReportingTags>false</ExportReportingTags><ExportTestPlans>false</ExportTestPlans><IncludeProcessAssociationsInPackage>false</IncludeProcessAssociationsInPackage><IsGitExport>false</IsGitExport><ExcludeCaptureProjectTrainingSets>false</ExcludeCaptureProjectTrainingSets></ProcessExportOption><WorkAllocationRules /><Skins /><BusinessRules /><CustomServices /><CustomServiceGroups /><Assets><ImportExportPackageSummaryOfAssetIdentity><Identity><Id>B42C3A88A06F43F5ACF5675F0188C5EC</Id><Name>TotalAgilityWorkspace.css</Name><AssetType>StyleSheet</AssetType><AutomaticallyPopulate>true</AutomaticallyPopulate><StorageId>1</StorageId></Identity><LastModifiedBy><Id /><AutomaticallyPopulate>true</AutomaticallyPopulate><ResourceType>Worker</ResourceType><EmailAddress /><UserId /><ManagerialLevel>0</ManagerialLevel></LastModifiedBy><LastModified>2021-08-03T15:43:18.31</LastModified></ImportExportPackageSummaryOfAssetIdentity><ImportExportPackageSummaryOfAssetIdentity><Identity><Id>063EFE4BD45A41D48A9DE3783DA71BCD</Id><Name>attestiv-header.png</Name><AssetType>Image</AssetType><AutomaticallyPopulate>true</AutomaticallyPopulate><StorageId>1</StorageId></Identity><LastModifiedBy><Id /><AutomaticallyPopulate>true</AutomaticallyPopulate><ResourceType>Worker</ResourceType><EmailAddress /><UserId /><ManagerialLevel>0</ManagerialLevel></LastModifiedBy><LastModified>2024-12-09T18:33:30.413</LastModified></ImportExportPackageSummaryOfAssetIdentity><ImportExportPackageSummaryOfAssetIdentity><Identity><Id>D4D0F32154434ECCAFDD02B2455C634E</Id><Name>home.png</Name><AssetType>Image</AssetType><AutomaticallyPopulate>true</AutomaticallyPopulate><StorageId>1</StorageId></Identity><LastModifiedBy><Id /><AutomaticallyPopulate>true</AutomaticallyPopulate><ResourceType>Worker</ResourceType><EmailAddress /><UserId /><ManagerialLevel>0</ManagerialLevel></LastModifiedBy><LastModified>2017-12-21T17:08:03.93</LastModified></ImportExportPackageSummaryOfAssetIdentity><ImportExportPackageSummaryOfAssetIdentity><Identity><Id>3FDC685D66B04A9485668CA8B1A7F61C</Id><Name>mail_open.png</Name><AssetType>Image</AssetType><AutomaticallyPopulate>true</AutomaticallyPopulate><StorageId>1</StorageId></Identity><LastModifiedBy><Id /><AutomaticallyPopulate>true</AutomaticallyPopulate><ResourceType>Worker</ResourceType><EmailAddress /><UserId /><ManagerialLevel>0</ManagerialLevel></LastModifiedBy><LastModified>2017-12-21T17:08:03.93</LastModified></ImportExportPackageSummaryOfAssetIdentity><ImportExportPackageSummaryOfAssetIdentity><Identity><Id>766B32376B9543A1A4189CA8FB874725</Id><Name>mail_closed.png</Name><AssetType>Image</AssetType><AutomaticallyPopulate>true</AutomaticallyPopulate><StorageId>1</StorageId></Identity><LastModifiedBy><Id /><AutomaticallyPopulate>true</AutomaticallyPopulate><ResourceType>Worker</ResourceType><EmailAddress /><UserId /><ManagerialLevel>0</ManagerialLevel></LastModifiedBy><LastModified>2017-12-21T17:08:03.93</LastModified></ImportExportPackageSummaryOfAssetIdentity><ImportExportPackageSummaryOfAssetIdentity><Identity><Id>72FE14D14AD04EB48F9D91BE7987B38F</Id><Name>help_icon.png</Name><AssetType>Image</AssetType><AutomaticallyPopulate>true</AutomaticallyPopulate><StorageId>1</StorageId></Identity><LastModifiedBy><Id /><AutomaticallyPopulate>true</AutomaticallyPopulate><ResourceType>Worker</ResourceType><EmailAddress /><UserId /><ManagerialLevel>0</ManagerialLevel></LastModifiedBy><LastModified>2018-03-01T17:45:37.3</LastModified></ImportExportPackageSummaryOfAssetIdentity><ImportExportPackageSummaryOfAssetIdentity><Identity><Id>1D186161C6DB420DBE0F90ED725B7C32</Id><Name>add_icon.png</Name><AssetType>Image</AssetType><AutomaticallyPopulate>true</AutomaticallyPopulate><StorageId>1</StorageId></Identity><LastModifiedBy><Id /><AutomaticallyPopulate>true</AutomaticallyPopulate><ResourceType>Worker</ResourceType><EmailAddress /><UserId /><ManagerialLevel>0</ManagerialLevel></LastModifiedBy><LastModified>2018-04-02T16:21:31</LastModified></ImportExportPackageSummaryOfAssetIdentity><ImportExportPackageSummaryOfAssetIdentity><Identity><Id>B67FED985F3E45519EA0FFDC735CD0A4</Id><Name>delete_icon.png</Name><AssetType>Image</AssetType><AutomaticallyPopulate>true</AutomaticallyPopulate><StorageId>1</StorageId></Identity><LastModifiedBy><Id /><AutomaticallyPopulate>true</AutomaticallyPopulate><ResourceType>Worker</ResourceType><EmailAddress /><UserId /><ManagerialLevel>0</ManagerialLevel></LastModifiedBy><LastModified>2018-02-27T18:45:07.363</LastModified></ImportExportPackageSummaryOfAssetIdentity><ImportExportPackageSummaryOfAssetIdentity><Identity><Id>D5E2227D4204423F82B82DFDECE14684</Id><Name>Mail-read.gif</Name><AssetType>Image</AssetType><AutomaticallyPopulate>true</AutomaticallyPopulate><StorageId>1</StorageId></Identity><LastModifiedBy><Id /><AutomaticallyPopulate>true</AutomaticallyPopulate><ResourceType>Worker</ResourceType><EmailAddress /><UserId /><ManagerialLevel>0</ManagerialLevel></LastModifiedBy><LastModified>2016-11-02T17:22:53.393</LastModified></ImportExportPackageSummaryOfAssetIdentity><ImportExportPackageSummaryOfAssetIdentity><Identity><Id>21ABE64B28334E3587597220E63F6264</Id><Name>rai-overview.svg</Name><AssetType>Image</AssetType><AutomaticallyPopulate>true</AutomaticallyPopulate><StorageId>1</StorageId></Identity><LastModifiedBy><Id /><AutomaticallyPopulate>true</AutomaticallyPopulate><ResourceType>Worker</ResourceType><EmailAddress /><UserId /><ManagerialLevel>0</ManagerialLevel></LastModifiedBy><LastModified>2024-08-27T06:30:09.5</LastModified></ImportExportPackageSummaryOfAssetIdentity><ImportExportPackageSummaryOfAssetIdentity><Identity><Id>38029A6F254C427DBFBCAA9D022E662B</Id><Name>rai-pattern-newrequest.svg</Name><AssetType>Image</AssetType><AutomaticallyPopulate>true</AutomaticallyPopulate><StorageId>1</StorageId></Identity><LastModifiedBy><Id /><AutomaticallyPopulate>true</AutomaticallyPopulate><ResourceType>Worker</ResourceType><EmailAddress /><UserId /><ManagerialLevel>0</ManagerialLevel></LastModifiedBy><LastModified>2024-08-27T06:47:54.447</LastModified></ImportExportPackageSummaryOfAssetIdentity><ImportExportPackageSummaryOfAssetIdentity><Identity><Id>159C91BCCD1C46C082FE86613DC06F8E</Id><Name>Tungsten-TotalAgility-logo.svg</Name><AssetType>Image</AssetType><AutomaticallyPopulate>true</AutomaticallyPopulate><StorageId>1</StorageId></Identity><LastModifiedBy><Id /><AutomaticallyPopulate>true</AutomaticallyPopulate><ResourceType>Worker</ResourceType><EmailAddress /><UserId /><ManagerialLevel>0</ManagerialLevel></LastModifiedBy><LastModified>2024-09-26T08:37:59.6</LastModified></ImportExportPackageSummaryOfAssetIdentity><ImportExportPackageSummaryOfAssetIdentity><Identity><Id>809E489A332B4138893496FCAE0155CA</Id><Name>rai-logo-light.svg</Name><AssetType>Image</AssetType><AutomaticallyPopulate>true</AutomaticallyPopulate><StorageId>1</StorageId></Identity><LastModifiedBy><Id /><AutomaticallyPopulate>true</AutomaticallyPopulate><ResourceType>Worker</ResourceType><EmailAddress /><UserId /><ManagerialLevel>0</ManagerialLevel></LastModifiedBy><LastModified>2024-08-27T06:19:20.86</LastModified></ImportExportPackageSummaryOfAssetIdentity><ImportExportPackageSummaryOfAssetIdentity><Identity><Id>0E3CA1D8C600459FB2A4E7891D3BE830</Id><Name>rai-login-carousel.gif</Name><AssetType>Image</AssetType><AutomaticallyPopulate>true</AutomaticallyPopulate><StorageId>1</StorageId></Identity><LastModifiedBy><Id /><AutomaticallyPopulate>true</AutomaticallyPopulate><ResourceType>Worker</ResourceType><EmailAddress /><UserId /><ManagerialLevel>0</ManagerialLevel></LastModifiedBy><LastModified>2024-08-27T06:53:36.69</LastModified></ImportExportPackageSummaryOfAssetIdentity><ImportExportPackageSummaryOfAssetIdentity><Identity><Id>3E864E354A724E13B55EF12A30EAC6A8</Id><Name>rai-pattern-login.svg</Name><AssetType>Image</AssetType><AutomaticallyPopulate>true</AutomaticallyPopulate><StorageId>1</StorageId></Identity><LastModifiedBy><Id /><AutomaticallyPopulate>true</AutomaticallyPopulate><ResourceType>Worker</ResourceType><EmailAddress /><UserId /><ManagerialLevel>0</ManagerialLevel></LastModifiedBy><LastModified>2024-08-27T06:52:10.733</LastModified></ImportExportPackageSummaryOfAssetIdentity><ImportExportPackageSummaryOfAssetIdentity><Identity><Id>547D951E2CE24E17B8C843E294BB7376</Id><Name>attestiv-overview.png</Name><AssetType>Image</AssetType><AutomaticallyPopulate>true</AutomaticallyPopulate><StorageId>1</StorageId></Identity><LastModifiedBy><Id /><AutomaticallyPopulate>true</AutomaticallyPopulate><ResourceType>Worker</ResourceType><EmailAddress /><UserId /><ManagerialLevel>0</ManagerialLevel></LastModifiedBy><LastModified>2024-12-09T18:43:15.903</LastModified></ImportExportPackageSummaryOfAssetIdentity><ImportExportPackageSummaryOfAssetIdentity><Identity><Id>2020829424FC47E5ACB0F93254E4922C</Id><Name>attestiv-logo.png</Name><AssetType>Image</AssetType><AutomaticallyPopulate>true</AutomaticallyPopulate><StorageId>1</StorageId></Identity><LastModifiedBy><Id /><AutomaticallyPopulate>true</AutomaticallyPopulate><ResourceType>Worker</ResourceType><EmailAddress /><UserId /><ManagerialLevel>0</ManagerialLevel></LastModifiedBy><LastModified>2024-12-09T21:48:02.663</LastModified></ImportExportPackageSummaryOfAssetIdentity><ImportExportPackageSummaryOfAssetIdentity><Identity><Id>2B8146FA6E9F42BCAB836723319A42D8</Id><Name>attestiv-login-body.png</Name><AssetType>Image</AssetType><AutomaticallyPopulate>true</AutomaticallyPopulate><StorageId>1</StorageId></Identity><LastModifiedBy><Id /><AutomaticallyPopulate>true</AutomaticallyPopulate><ResourceType>Worker</ResourceType><EmailAddress /><UserId /><ManagerialLevel>0</ManagerialLevel></LastModifiedBy><LastModified>2024-12-09T22:06:39.433</LastModified></ImportExportPackageSummaryOfAssetIdentity></Assets><Forms><ImportExportPackageSummaryOfFormIdentity><Identity><Id>BDF9F1271D7A4B6FB20AC1E816DAB7F7</Id><AutomaticallyPopulate>false</AutomaticallyPopulate><Name>POC_Attestiv_Image_AnalysisDisplay Analysis</Name><Version>2</Version></Identity><LastModifiedBy><Id>C13E87D165A945399B1E6A40F637B5C1</Id><AutomaticallyPopulate>false</AutomaticallyPopulate><ResourceType>Worker</ResourceType><EmailAddress /><UserId /><ManagerialLevel>0</ManagerialLevel></LastModifiedBy><LastModified>2024-12-05T16:46:20.45</LastModified></ImportExportPackageSummaryOfFormIdentity><ImportExportPackageSummaryOfFormIdentity><Identity><Id>9DB3D0CCAA4A418FA3DB77272EAB74F6</Id><AutomaticallyPopulate>false</AutomaticallyPopulate><Name>AutomationRequest</Name><Version>37</Version></Identity><LastModifiedBy><Id>DC6B6C7016584FF5B13CFAB9924C6577</Id><AutomaticallyPopulate>false</AutomaticallyPopulate><ResourceType>Worker</ResourceType><EmailAddress /><UserId /><ManagerialLevel>0</ManagerialLevel></LastModifiedBy><LastModified>2022-10-13T16:14:16.903</LastModified></ImportExportPackageSummaryOfFormIdentity><ImportExportPackageSummaryOfFormIdentity><Identity><Id>7A3BB8E8840E404AB1EB5DBC87B54246</Id><AutomaticallyPopulate>false</AutomaticallyPopulate><Name>POC_Attestiv_Image_AnalysisReject Review</Name><Version>2</Version></Identity><LastModifiedBy><Id>C13E87D165A945399B1E6A40F637B5C1</Id><AutomaticallyPopulate>false</AutomaticallyPopulate><ResourceType>Worker</ResourceType><EmailAddress /><UserId /><ManagerialLevel>0</ManagerialLevel></LastModifiedBy><LastModified>2024-12-03T14:39:12.097</LastModified></ImportExportPackageSummaryOfFormIdentity><ImportExportPackageSummaryOfFormIdentity><Identity><Id>1A897A0A393F4F23B173643DCC1D1E58</Id><AutomaticallyPopulate>false</AutomaticallyPopulate><Name>POC_Attestiv_New_RequestCNJ</Name><Version>3</Version></Identity><LastModifiedBy><Id>C13E87D165A945399B1E6A40F637B5C1</Id><AutomaticallyPopulate>false</AutomaticallyPopulate><ResourceType>Worker</ResourceType><EmailAddress /><UserId /><ManagerialLevel>0</ManagerialLevel></LastModifiedBy><LastModified>2024-12-09T21:20:10.687</LastModified></ImportExportPackageSummaryOfFormIdentity><ImportExportPackageSummaryOfFormIdentity><Identity><Id>8BE1C7B6B5594973B3E62B3537E34734</Id><AutomaticallyPopulate>false</AutomaticallyPopulate><Name>attestiv-workqueue</Name><Version>5</Version></Identity><LastModifiedBy><Id>C13E87D165A945399B1E6A40F637B5C1</Id><AutomaticallyPopulate>false</AutomaticallyPopulate><ResourceType>Worker</ResourceType><EmailAddress /><UserId /><ManagerialLevel>0</ManagerialLevel></LastModifiedBy><LastModified>2024-12-09T22:16:17.553</LastModified></ImportExportPackageSummaryOfFormIdentity><ImportExportPackageSummaryOfFormIdentity><Identity><Id>C70C29AF99B6417E8D353E026A3F2D31</Id><AutomaticallyPopulate>false</AutomaticallyPopulate><Name>attestiv-header</Name><Version>4</Version></Identity><LastModifiedBy><Id>C13E87D165A945399B1E6A40F637B5C1</Id><AutomaticallyPopulate>false</AutomaticallyPopulate><ResourceType>Worker</ResourceType><EmailAddress /><UserId /><ManagerialLevel>0</ManagerialLevel></LastModifiedBy><LastModified>2024-12-09T18:34:29.367</LastModified></ImportExportPackageSummaryOfFormIdentity><ImportExportPackageSummaryOfFormIdentity><Identity><Id>0909869BE6A943A08316857158E25E08</Id><AutomaticallyPopulate>true</AutomaticallyPopulate><Name>MailBox</Name><Version>14</Version></Identity><LastModifiedBy><Id>B234A7D4F2F74C738EBCDF6DE4F0FBF3</Id><AutomaticallyPopulate>false</AutomaticallyPopulate><ResourceType>Worker</ResourceType><EmailAddress /><UserId /><ManagerialLevel>0</ManagerialLevel></LastModifiedBy><LastModified>2019-09-12T15:56:23.913</LastModified></ImportExportPackageSummaryOfFormIdentity><ImportExportPackageSummaryOfFormIdentity><Identity><Id>0909869BE6A943A0B31685715FE25E08</Id><AutomaticallyPopulate>true</AutomaticallyPopulate><Name>AddNote</Name><Version>18</Version></Identity><LastModifiedBy><Id>49A0CCD423084998839001DB0B6C93C9</Id><AutomaticallyPopulate>false</AutomaticallyPopulate><ResourceType>Worker</ResourceType><EmailAddress /><UserId /><ManagerialLevel>0</ManagerialLevel></LastModifiedBy><LastModified>2021-08-17T11:25:33.423</LastModified></ImportExportPackageSummaryOfFormIdentity><ImportExportPackageSummaryOfFormIdentity><Identity><Id>1F84BE5525B14DE1B9B95A44C57C0CF3</Id><AutomaticallyPopulate>true</AutomaticallyPopulate><Name>Profile</Name><Version>45</Version></Identity><LastModifiedBy><Id>0042A1B552724E24A546FD7710E4A282</Id><AutomaticallyPopulate>false</AutomaticallyPopulate><ResourceType>Worker</ResourceType><EmailAddress /><UserId /><ManagerialLevel>0</ManagerialLevel></LastModifiedBy><LastModified>2019-09-10T18:31:11.893</LastModified></ImportExportPackageSummaryOfFormIdentity><ImportExportPackageSummaryOfFormIdentity><Identity><Id>4BECEB69F3214DD2A1DC1DBC247BCA4E</Id><AutomaticallyPopulate>true</AutomaticallyPopulate><Name>WorkAllocationRule</Name><Version>7</Version></Identity><LastModifiedBy><Id>B234A7D4F2F74C738EBCDF6DE4F0FBF3</Id><AutomaticallyPopulate>false</AutomaticallyPopulate><ResourceType>Worker</ResourceType><EmailAddress /><UserId /><ManagerialLevel>0</ManagerialLevel></LastModifiedBy><LastModified>2019-09-12T16:20:36.797</LastModified></ImportExportPackageSummaryOfFormIdentity><ImportExportPackageSummaryOfFormIdentity><Identity><Id>868FA53E24504D2AB8AF17D1476B7D6D</Id><AutomaticallyPopulate>true</AutomaticallyPopulate><Name>ChangePassword</Name><Version>14</Version></Identity><LastModifiedBy><Id>65C8ED37BFA74E3284FDF15392E1E126</Id><AutomaticallyPopulate>false</AutomaticallyPopulate><ResourceType>Worker</ResourceType><EmailAddress /><UserId /><ManagerialLevel>0</ManagerialLevel></LastModifiedBy><LastModified>2018-05-07T17:23:06.507</LastModified></ImportExportPackageSummaryOfFormIdentity><ImportExportPackageSummaryOfFormIdentity><Identity><Id>B027A27EA4DA49AA9FC99A9802C87142</Id><AutomaticallyPopulate>false</AutomaticallyPopulate><Name>rai-home</Name><Version>16</Version></Identity><LastModifiedBy><Id>DAAAD76834F749B790469E31371AB497</Id><AutomaticallyPopulate>false</AutomaticallyPopulate><ResourceType>Worker</ResourceType><EmailAddress /><UserId /><ManagerialLevel>0</ManagerialLevel></LastModifiedBy><LastModified>2024-08-27T08:32:07.387</LastModified></ImportExportPackageSummaryOfFormIdentity><ImportExportPackageSummaryOfFormIdentity><Identity><Id>28CBA0D91C704F60B803E4F8E64B85FF</Id><AutomaticallyPopulate>false</AutomaticallyPopulate><Name>rai-login</Name><Version>79</Version></Identity><LastModifiedBy><Id>DAAAD76834F749B790469E31371AB497</Id><AutomaticallyPopulate>false</AutomaticallyPopulate><ResourceType>Worker</ResourceType><EmailAddress /><UserId /><ManagerialLevel>0</ManagerialLevel></LastModifiedBy><LastModified>2024-08-27T08:58:41.8</LastModified></ImportExportPackageSummaryOfFormIdentity><ImportExportPackageSummaryOfFormIdentity><Identity><Id>E06E07F452C047A9A3C2FE45A01DC871</Id><AutomaticallyPopulate>false</AutomaticallyPopulate><Name>attestiv-home</Name><Version>3</Version></Identity><LastModifiedBy><Id>C13E87D165A945399B1E6A40F637B5C1</Id><AutomaticallyPopulate>false</AutomaticallyPopulate><ResourceType>Worker</ResourceType><EmailAddress /><UserId /><ManagerialLevel>0</ManagerialLevel></LastModifiedBy><LastModified>2024-12-09T18:43:48.797</LastModified></ImportExportPackageSummaryOfFormIdentity><ImportExportPackageSummaryOfFormIdentity><Identity><Id>FDE1A270BC0544E19F9BB6D8231BE879</Id><AutomaticallyPopulate>false</AutomaticallyPopulate><Name>attestiv-login</Name><Version>13</Version></Identity><LastModifiedBy><Id>C13E87D165A945399B1E6A40F637B5C1</Id><AutomaticallyPopulate>false</AutomaticallyPopulate><ResourceType>Worker</ResourceType><EmailAddress /><UserId /><ManagerialLevel>0</ManagerialLevel></LastModifiedBy><LastModified>2024-12-09T22:13:39.76</LastModified></ImportExportPackageSummaryOfFormIdentity></Forms><FormExportOptions><ExportHeader>false</ExportHeader><ExportNavigation>false</ExportNavigation><ExportGlobalVariables>true</ExportGlobalVariables><ExportWebServices>false</ExportWebServices><ExportBusinessRules>false</ExportBusinessRules><ExportSecurityTokens>false</ExportSecurityTokens><ExportSecurityRoles>false</ExportSecurityRoles><ExportRoleMembers>false</ExportRoleMembers><IsSpaExport>false</IsSpaExport></FormExportOptions><Navigations><ImportExportPackageSummaryOfNavigationMenuIdentity><Identity><Id>9C2D98923C96434BBC3253485CF3B1D9</Id><Name>attestiv-navigation</Name><LastModifiedDate>2024-12-09T22:55:23.727</LastModifiedDate></Identity><LastModifiedBy><Id /><AutomaticallyPopulate>false</AutomaticallyPopulate><ResourceType>Worker</ResourceType><EmailAddress /><UserId /><ManagerialLevel>0</ManagerialLevel></LastModifiedBy><LastModified>2024-12-09T22:55:23.727</LastModified></ImportExportPackageSummaryOfNavigationMenuIdentity></Navigations><DeviceSettings /><Sites><ImportExportPackageSummaryOfSiteIdentity><Identity><Id>333567B96D04474885E99CC3AED08990</Id><AutomaticallyPopulate>true</AutomaticallyPopulate><Name>attestiv</Name></Identity><LastModifiedBy><Id>C13E87D165A945399B1E6A40F637B5C1</Id><AutomaticallyPopulate>true</AutomaticallyPopulate><ResourceType>Worker</ResourceType><EmailAddress /><UserId /><ManagerialLevel>0</ManagerialLevel></LastModifiedBy><LastModified>2024-12-09T22:08:17.127</LastModified></ImportExportPackageSummaryOfSiteIdentity></Sites><Themes><ImportExportPackageSummaryOfThemeIdentity><Identity><Id>0178FEA2525C4F3D8AC51E3C273D865D</Id><AutomaticallyPopulate>true</AutomaticallyPopulate><Name>TotalAgility Workspace</Name></Identity><LastModifiedBy><Id /><AutomaticallyPopulate>false</AutomaticallyPopulate><ResourceType>Worker</ResourceType><EmailAddress /><UserId /><ManagerialLevel>0</ManagerialLevel></LastModifiedBy><LastModified>2019-07-26T14:55:13.177</LastModified></ImportExportPackageSummaryOfThemeIdentity><ImportExportPackageSummaryOfThemeIdentity><Identity><Id>4E34581BEE69E88B0727A4FF5E24E56F</Id><AutomaticallyPopulate>true</AutomaticallyPopulate><Name>Attestiv</Name></Identity><LastModifiedBy><Id /><AutomaticallyPopulate>false</AutomaticallyPopulate><ResourceType>Worker</ResourceType><EmailAddress /><UserId /><ManagerialLevel>0</ManagerialLevel></LastModifiedBy><LastModified>2024-12-09T18:51:40.95</LastModified></ImportExportPackageSummaryOfThemeIdentity></Themes><Languages /><Lookups /><Resources /><Entities /><WorkTypes><ImportExportPackageSummaryOfWorkQueueDefinitionIdentity><Identity><Id>B31D8C2F68F947F4B0CA7F1A171FBEA8</Id><AutomaticallyPopulate>true</AutomaticallyPopulate><Name>ATTESTIV</Name><LastModifiedOn>0001-01-01T00:00:00</LastModifiedOn></Identity><LastModifiedBy><Id /><AutomaticallyPopulate>true</AutomaticallyPopulate><ResourceType>Worker</ResourceType><EmailAddress /><UserId /><ManagerialLevel>0</ManagerialLevel></LastModifiedBy><LastModified>2024-12-09T15:42:14.73</LastModified></ImportExportPackageSummaryOfWorkQueueDefinitionIdentity></WorkTypes><Checklists /><Folders /><ExtractionGroups /><ClassificationGroups /><Formatters /><FieldValidators /><ChecklistItems /><Events /><Targets /><Alerts /><AlertExportOption><ExportAssociatedProcess>false</ExportAssociatedProcess></AlertExportOption><Categories><ImportExportPackageSummaryOfCategoryIdentity><Identity><Id>0AE913A4F18A483FB6B3BFA4D0FEBF60</Id><AutomaticallyPopulate>true</AutomaticallyPopulate><Name>Attestiv</Name><Description /></Identity><LastModifiedBy><Id>C13E87D165A945399B1E6A40F637B5C1</Id><AutomaticallyPopulate>true</AutomaticallyPopulate><ResourceType>Worker</ResourceType><EmailAddress /><UserId /><ManagerialLevel>0</ManagerialLevel></LastModifiedBy><LastModified>2024-11-26T13:11:01.533</LastModified></ImportExportPackageSummaryOfCategoryIdentity><ImportExportPackageSummaryOfCategoryIdentity><Identity><Id>201F370CA5164F76ADDD8EEEFF666AF7</Id><AutomaticallyPopulate>true</AutomaticallyPopulate><Name>Default Category</Name><Description /></Identity><LastModifiedBy><Id>7DF43CCDF24611D2804B00104B71BD10</Id><AutomaticallyPopulate>true</AutomaticallyPopulate><ResourceType>Worker</ResourceType><EmailAddress /><UserId /><ManagerialLevel>0</ManagerialLevel></LastModifiedBy><LastModified>2022-12-02T21:12:00</LastModified></ImportExportPackageSummaryOfCategoryIdentity><ImportExportPackageSummaryOfCategoryIdentity><Identity><Id>A08C5B14E0A64A3DB33CE9AB312D2D18</Id><AutomaticallyPopulate>true</AutomaticallyPopulate><Name>Resistant.ai</Name><Description /></Identity><LastModifiedBy><Id>1449EC114C3BC751B5F5D73608203364</Id><AutomaticallyPopulate>true</AutomaticallyPopulate><ResourceType>Worker</ResourceType><EmailAddress /><UserId /><ManagerialLevel>0</ManagerialLevel></LastModifiedBy><LastModified>2024-08-27T01:57:04.783</LastModified></ImportExportPackageSummaryOfCategoryIdentity><ImportExportPackageSummaryOfCategoryIdentity><Identity><Id>E2A1706B60424707B39A1BDDDC8DB69C</Id><AutomaticallyPopulate>true</AutomaticallyPopulate><Name>TotalAgility Forms</Name><Description /></Identity><LastModifiedBy><Id>7DF43CCDF24611D2804B00104B71BD10</Id><AutomaticallyPopulate>true</AutomaticallyPopulate><ResourceType>Worker</ResourceType><EmailAddress /><UserId /><ManagerialLevel>0</ManagerialLevel></LastModifiedBy><LastModified>2024-08-21T15:00:23.423</LastModified></ImportExportPackageSummaryOfCategoryIdentity></Categories><ScanVrsProfiles /><SeparationProfiles /><BarcodePatchcodeProfiles /><PdfGenerationProfiles /><DocConversionProfiles><ImportExportPackageSummaryOfDocumentConversionProfileIdentity><Identity><Id>70524F38E409C62A6CB02E29B183DBFD</Id><Name>TIFF Conversion</Name></Identity><LastModifiedBy><Id /><AutomaticallyPopulate>true</AutomaticallyPopulate><ResourceType>Worker</ResourceType><EmailAddress /><UserId /><ManagerialLevel>0</ManagerialLevel></LastModifiedBy><LastModified>0001-01-01T00:00:00</LastModified></ImportExportPackageSummaryOfDocumentConversionProfileIdentity></DocConversionProfiles><JobSchedules /><CaptureControlLayouts /><RegularExpressions /><Personas /><ServerVariables /><ServerVariablesCollection><ImportExportPackageSummaryOfVariable><Identity><VariableType>String</VariableType><Value xsi:type="xsd:string">https://ktacloudeco-dev.ttaprt.dev.tungstencloud.com/services/sdk/</Value><Identity><Id>KTA_SDK_URL</Id><Version>0</Version><OwnerId /><DisplayName>KTA_SDK_URL</DisplayName><Name /></Identity><Dynamic>false</Dynamic><Category><Id>201F370CA5164F76ADDD8EEEFF666AF7</Id><AutomaticallyPopulate>true</AutomaticallyPopulate><Name /><Description /></Category><Grouping><Identity><Id>4FEE4E069417475DAC5D2C2E5C95CA49</Id></Identity><Variables /></Grouping><UseInSkin>false</UseInSkin><Found>false</Found><IsSecure>false</IsSecure><VariableScope>Process</VariableScope><IsDateExpression>false</IsDateExpression><DerivedExpression /><ErrorCodeMappingType>Static</ErrorCodeMappingType><VariableDisplayProperties><VariableIdentity><Id /><Version>0</Version><OwnerId /><DisplayName /><Name /></VariableIdentity><StringVariableDisplayProperties><VariableControlType>Singleline</VariableControlType><MaxNumberOfCharacters>0</MaxNumberOfCharacters><LookupIdentity /><StaticData /><Mandatory>false</Mandatory></StringVariableDisplayProperties><MinDate xsi:nil="true" /><MaxDate xsi:nil="true" /><DecimalPrecision>0</DecimalPrecision><ShowTime>false</ShowTime></VariableDisplayProperties><VariableAccessScope>Public</VariableAccessScope><IsResourceExpression>false</IsResourceExpression><IsDataObjectField>false</IsDataObjectField><IsDataObjectFieldOfTypeObject>false</IsDataObjectFieldOfTypeObject><BaseVariableType>String</BaseVariableType><BaseVariableId /></Identity><LastModifiedBy><Id /><AutomaticallyPopulate>true</AutomaticallyPopulate><ResourceType>Worker</ResourceType><EmailAddress /><UserId /><ManagerialLevel>0</ManagerialLevel></LastModifiedBy><LastModified>0001-01-01T00:00:00</LastModified></ImportExportPackageSummaryOfVariable><ImportExportPackageSummaryOfVariable><Identity><VariableType>System</VariableType><Value xsi:type="xsd:string" /><Identity><Id>SPP_SYSTEM_SESSION_ID</Id><Version>0</Version><OwnerId /><DisplayName>SPP_SYSTEM_SESSION_ID</DisplayName><Name /></Identity><Dynamic>true</Dynamic><Category><Id>FBCB88103B4D414FAE8E38058F46CCF4</Id><AutomaticallyPopulate>true</AutomaticallyPopulate><Name /><Description /></Category><Grouping><Identity><Id>4FEE4E069417475DAC5D2C2E5C95CA49</Id></Identity><Variables /></Grouping><UseInSkin>false</UseInSkin><Found>false</Found><IsSecure>false</IsSecure><VariableScope>Process</VariableScope><IsDateExpression>false</IsDateExpression><DerivedExpression /><ErrorCodeMappingType>Static</ErrorCodeMappingType><VariableDisplayProperties><VariableIdentity><Id /><Version>0</Version><OwnerId /><DisplayName /><Name /></VariableIdentity><StringVariableDisplayProperties><VariableControlType>Singleline</VariableControlType><MaxNumberOfCharacters>0</MaxNumberOfCharacters><LookupIdentity /><StaticData /><Mandatory>false</Mandatory></StringVariableDisplayProperties><MinDate xsi:nil="true" /><MaxDate xsi:nil="true" /><DecimalPrecision>0</DecimalPrecision><ShowTime>false</ShowTime></VariableDisplayProperties><VariableAccessScope>Public</VariableAccessScope><IsResourceExpression>false</IsResourceExpression><IsDataObjectField>false</IsDataObjectField><IsDataObjectFieldOfTypeObject>false</IsDataObjectFieldOfTypeObject><BaseVariableType>System</BaseVariableType><BaseVariableId /></Identity><LastModifiedBy><Id /><AutomaticallyPopulate>true</AutomaticallyPopulate><ResourceType>Worker</ResourceType><EmailAddress /><UserId /><ManagerialLevel>0</ManagerialLevel></LastModifiedBy><LastModified>0001-01-01T00:00:00</LastModified></ImportExportPackageSummaryOfVariable><ImportExportPackageSummaryOfVariable><Identity><VariableType>Float</VariableType><Value xsi:type="xsd:float">640</Value><Identity><Id>ATTIMGHRESMIN</Id><Version>0</Version><OwnerId /><DisplayName>ATT-IMG-HRES-MIN</DisplayName><Name /></Identity><Dynamic>false</Dynamic><Category><Id>0AE913A4F18A483FB6B3BFA4D0FEBF60</Id><AutomaticallyPopulate>true</AutomaticallyPopulate><Name /><Description /></Category><Grouping><Identity><Id>4FEE4E069417475DAC5D2C2E5C95CA49</Id></Identity><Variables /></Grouping><UseInSkin>false</UseInSkin><Found>false</Found><IsSecure>false</IsSecure><VariableScope>Process</VariableScope><IsDateExpression>false</IsDateExpression><DerivedExpression /><ErrorCodeMappingType>Static</ErrorCodeMappingType><VariableDisplayProperties><VariableIdentity><Id /><Version>0</Version><OwnerId /><DisplayName /><Name /></VariableIdentity><StringVariableDisplayProperties><VariableControlType>Singleline</VariableControlType><MaxNumberOfCharacters>0</MaxNumberOfCharacters><LookupIdentity /><StaticData /><Mandatory>false</Mandatory></StringVariableDisplayProperties><MinDate xsi:nil="true" /><MaxDate xsi:nil="true" /><DecimalPrecision>0</DecimalPrecision><ShowTime>false</ShowTime></VariableDisplayProperties><VariableAccessScope>Public</VariableAccessScope><IsResourceExpression>false</IsResourceExpression><IsDataObjectField>false</IsDataObjectField><IsDataObjectFieldOfTypeObject>false</IsDataObjectFieldOfTypeObject><BaseVariableType>Float</BaseVariableType><BaseVariableId /></Identity><LastModifiedBy><Id /><AutomaticallyPopulate>true</AutomaticallyPopulate><ResourceType>Worker</ResourceType><EmailAddress /><UserId /><ManagerialLevel>0</ManagerialLevel></LastModifiedBy><LastModified>0001-01-01T00:00:00</LastModified></ImportExportPackageSummaryOfVariable><ImportExportPackageSummaryOfVariable><Identity><VariableType>Float</VariableType><Value xsi:type="xsd:float">480</Value><Identity><Id>ATTIMGVRESMIN</Id><Version>0</Version><OwnerId /><DisplayName>ATT-IMG-VRES-MIN</DisplayName><Name /></Identity><Dynamic>false</Dynamic><Category><Id>0AE913A4F18A483FB6B3BFA4D0FEBF60</Id><AutomaticallyPopulate>true</AutomaticallyPopulate><Name /><Description /></Category><Grouping><Identity><Id>4FEE4E069417475DAC5D2C2E5C95CA49</Id></Identity><Variables /></Grouping><UseInSkin>false</UseInSkin><Found>false</Found><IsSecure>false</IsSecure><VariableScope>Process</VariableScope><IsDateExpression>false</IsDateExpression><DerivedExpression /><ErrorCodeMappingType>Static</ErrorCodeMappingType><VariableDisplayProperties><VariableIdentity><Id /><Version>0</Version><OwnerId /><DisplayName /><Name /></VariableIdentity><StringVariableDisplayProperties><VariableControlType>Singleline</VariableControlType><MaxNumberOfCharacters>0</MaxNumberOfCharacters><LookupIdentity /><StaticData /><Mandatory>false</Mandatory></StringVariableDisplayProperties><MinDate xsi:nil="true" /><MaxDate xsi:nil="true" /><DecimalPrecision>0</DecimalPrecision><ShowTime>false</ShowTime></VariableDisplayProperties><VariableAccessScope>Public</VariableAccessScope><IsResourceExpression>false</IsResourceExpression><IsDataObjectField>false</IsDataObjectField><IsDataObjectFieldOfTypeObject>false</IsDataObjectFieldOfTypeObject><BaseVariableType>Float</BaseVariableType><BaseVariableId /></Identity><LastModifiedBy><Id /><AutomaticallyPopulate>true</AutomaticallyPopulate><ResourceType>Worker</ResourceType><EmailAddress /><UserId /><ManagerialLevel>0</ManagerialLevel></LastModifiedBy><LastModified>0001-01-01T00:00:00</LastModified></ImportExportPackageSummaryOfVariable></ServerVariablesCollection><ThreadPools><ImportExportPackageSummaryOfThreadPoolIdentity><Identity><Id>0</Id><Name>Default Thread Pool</Name></Identity><LastModifiedBy><Id /><AutomaticallyPopulate>true</AutomaticallyPopulate><ResourceType>Worker</ResourceType><EmailAddress /><UserId /><ManagerialLevel>0</ManagerialLevel></LastModifiedBy><LastModified>0001-01-01T00:00:00</LastModified></ImportExportPackageSummaryOfThreadPoolIdentity></ThreadPools><Tags /><GlobalVariables /><GlobalVariablesCollection><ImportExportPackageSummaryOfSessionVariable><Identity><Identity><Name>WORKQUEUE_FORM</Name><Id>1E70BD400456422DBFA431767DC6CB0F</Id><AutomaticallyPopulate>true</AutomaticallyPopulate></Identity><Description>The Workqueue Form.</Description><Value /><IsLocalizable>false</IsLocalizable><Category><Id>201F370CA5164F76ADDD8EEEFF666AF7</Id><AutomaticallyPopulate>true</AutomaticallyPopulate><Name>Default Category</Name><Description /></Category><LastModifiedDateTime>2021-05-10T11:26:22</LastModifiedDateTime><IsSecure>false</IsSecure></Identity><LastModifiedBy><Id /><AutomaticallyPopulate>true</AutomaticallyPopulate><ResourceType>Worker</ResourceType><EmailAddress /><UserId /><ManagerialLevel>0</ManagerialLevel></LastModifiedBy><LastModified>2021-05-10T11:26:22</LastModified></ImportExportPackageSummaryOfSessionVariable><ImportExportPackageSummaryOfSessionVariable><Identity><Identity><Name>EPC</Name><Id>5E0F01E4914A48D08009FFC40C130EFF</Id><AutomaticallyPopulate>true</AutomaticallyPopulate></Identity><Description>The EPC.</Description><Value /><IsLocalizable>false</IsLocalizable><Category><Id>201F370CA5164F76ADDD8EEEFF666AF7</Id><AutomaticallyPopulate>true</AutomaticallyPopulate><Name>Default Category</Name><Description /></Category><LastModifiedDateTime>2018-07-27T09:47:05.64</LastModifiedDateTime><IsSecure>false</IsSecure></Identity><LastModifiedBy><Id /><AutomaticallyPopulate>true</AutomaticallyPopulate><ResourceType>Worker</ResourceType><EmailAddress /><UserId /><ManagerialLevel>0</ManagerialLevel></LastModifiedBy><LastModified>2018-07-27T09:47:05.64</LastModified></ImportExportPackageSummaryOfSessionVariable><ImportExportPackageSummaryOfSessionVariable><Identity><Identity><Name>JOB_ID</Name><Id>8A1DD88A21124A98A51B5679DE7FDCB4</Id><AutomaticallyPopulate>true</AutomaticallyPopulate></Identity><Description>The Job ID.</Description><Value /><IsLocalizable>false</IsLocalizable><Category><Id>201F370CA5164F76ADDD8EEEFF666AF7</Id><AutomaticallyPopulate>true</AutomaticallyPopulate><Name>Default Category</Name><Description /></Category><LastModifiedDateTime>2018-07-27T09:47:05.64</LastModifiedDateTime><IsSecure>false</IsSecure></Identity><LastModifiedBy><Id /><AutomaticallyPopulate>true</AutomaticallyPopulate><ResourceType>Worker</ResourceType><EmailAddress /><UserId /><ManagerialLevel>0</ManagerialLevel></LastModifiedBy><LastModified>2018-07-27T09:47:05.64</LastModified></ImportExportPackageSummaryOfSessionVariable><ImportExportPackageSummaryOfSessionVariable><Identity><Identity><Name>NODE_ID</Name><Id>AFBE96EA665E4F16A2FDA88044A23D0A</Id><AutomaticallyPopulate>true</AutomaticallyPopulate></Identity><Description>The Node ID.</Description><Value /><IsLocalizable>false</IsLocalizable><Category><Id>201F370CA5164F76ADDD8EEEFF666AF7</Id><AutomaticallyPopulate>true</AutomaticallyPopulate><Name>Default Category</Name><Description /></Category><LastModifiedDateTime>2018-07-27T09:47:05.64</LastModifiedDateTime><IsSecure>false</IsSecure></Identity><LastModifiedBy><Id /><AutomaticallyPopulate>true</AutomaticallyPopulate><ResourceType>Worker</ResourceType><EmailAddress /><UserId /><ManagerialLevel>0</ManagerialLevel></LastModifiedBy><LastModified>2018-07-27T09:47:05.64</LastModified></ImportExportPackageSummaryOfSessionVariable><ImportExportPackageSummaryOfSessionVariable><Identity><Identity><Name>SESSION_ID</Name><Id>161F8F818093437482D2886B7B6756BB</Id><AutomaticallyPopulate>true</AutomaticallyPopulate></Identity><Description>The current Session Identifer.</Description><Value /><IsLocalizable>false</IsLocalizable><Category><Id>201F370CA5164F76ADDD8EEEFF666AF7</Id><AutomaticallyPopulate>true</AutomaticallyPopulate><Name>Default Category</Name><Description /></Category><LastModifiedDateTime>2021-05-10T11:26:22</LastModifiedDateTime><IsSecure>false</IsSecure></Identity><LastModifiedBy><Id /><AutomaticallyPopulate>true</AutomaticallyPopulate><ResourceType>Worker</ResourceType><EmailAddress /><UserId /><ManagerialLevel>0</ManagerialLevel></LastModifiedBy><LastModified>2021-05-10T11:26:22</LastModified></ImportExportPackageSummaryOfSessionVariable><ImportExportPackageSummaryOfSessionVariable><Identity><Identity><Name>RESOURCE_ID</Name><Id>3FE35DDD709A422588F9C8FE908C6393</Id><AutomaticallyPopulate>true</AutomaticallyPopulate></Identity><Description>The current Resource Identifer.</Description><Value /><IsLocalizable>false</IsLocalizable><Category><Id>201F370CA5164F76ADDD8EEEFF666AF7</Id><AutomaticallyPopulate>true</AutomaticallyPopulate><Name>Default Category</Name><Description /></Category><LastModifiedDateTime>2022-12-02T21:12:52.377</LastModifiedDateTime><IsSecure>false</IsSecure></Identity><LastModifiedBy><Id /><AutomaticallyPopulate>true</AutomaticallyPopulate><ResourceType>Worker</ResourceType><EmailAddress /><UserId /><ManagerialLevel>0</ManagerialLevel></LastModifiedBy><LastModified>2022-12-02T21:12:52.377</LastModified></ImportExportPackageSummaryOfSessionVariable><ImportExportPackageSummaryOfSessionVariable><Identity><Identity><Name>RESOURCE_NAME</Name><Id>E6C90ACEAF974035B52AFE50012F84D6</Id><AutomaticallyPopulate>true</AutomaticallyPopulate></Identity><Description>The current Resource Name.</Description><Value /><IsLocalizable>false</IsLocalizable><Category><Id>201F370CA5164F76ADDD8EEEFF666AF7</Id><AutomaticallyPopulate>true</AutomaticallyPopulate><Name>Default Category</Name><Description /></Category><LastModifiedDateTime>2022-12-02T21:12:52.38</LastModifiedDateTime><IsSecure>false</IsSecure></Identity><LastModifiedBy><Id /><AutomaticallyPopulate>true</AutomaticallyPopulate><ResourceType>Worker</ResourceType><EmailAddress /><UserId /><ManagerialLevel>0</ManagerialLevel></LastModifiedBy><LastModified>2022-12-02T21:12:52.38</LastModified></ImportExportPackageSummaryOfSessionVariable></GlobalVariablesCollection><ServerXmlExpressionVariables /><DotNetReferences /><MiscellaneousFiles /><Queries /><FormTemplates /><Localisations /><Packages><ImportExportPackageSummaryOfSpaPackageIdentity><Identity><Id>A7A32F951AA246A8BD1ACDC22714AED1</Id><Name>Attestiv Connector</Name><Version>4</Version></Identity><LastModifiedBy><Id>C13E87D165A945399B1E6A40F637B5C1</Id><AutomaticallyPopulate>true</AutomaticallyPopulate><ResourceType>Worker</ResourceType><EmailAddress /><UserId /><ManagerialLevel>0</ManagerialLevel></LastModifiedBy><LastModified>2025-04-23T22:31:39.627</LastModified></ImportExportPackageSummaryOfSpaPackageIdentity></Packages><ExportConnectorDeploymentProperties /><ShowProcessAssociations>false</ShowProcessAssociations><ShowFormAssociations>false</ShowFormAssociations><SystemExportOptions><IncludeNoteTypes>false</IncludeNoteTypes><IncludeHotKeys>false</IncludeHotKeys><IncludePageRenditions>false</IncludePageRenditions><IncludeNodeColors>false</IncludeNodeColors><IncludeReportingTags>false</IncludeReportingTags><IncludeErrorCodes>false</IncludeErrorCodes></SystemExportOptions><ShowCategoryAssociations>false</ShowCategoryAssociations><Version><Major>7</Major><Minor>3</Minor><Build>1</Build><Revision>0</Revision></Version><DocumentTypeVariants /><ProtectAllItems>false</ProtectAllItems><ProtectedItems /><IncludeRoleMembers>false</IncludeRoleMembers><IncludeDevices>false</IncludeDevices><IncludeDeviceProfiles>false</IncludeDeviceProfiles><IncludeDeviceSettings>false</IncludeDeviceSettings><ExportConnectorMappings>false</ExportConnectorMappings><WebServices /><ImportConnections /><ImportSources /><OAuthServers /><CaptureSolution><Id /><Name /><Version>0</Version><Description /><DocumentLanguage /><CategoryIdentity><Id /><AutomaticallyPopulate>true</AutomaticallyPopulate><Name /><Description /></CategoryIdentity><LastModified>2025-04-23T22:31:56.2664602+00:00</LastModified><LockedBy><Id /><AutomaticallyPopulate>true</AutomaticallyPopulate><Name /><ResourceType>Worker</ResourceType><EmailAddress /><UserId /><ManagerialLevel>0</ManagerialLevel></LockedBy><ProcessIdentity><Id /><AutomaticallyPopulate>true</AutomaticallyPopulate><Version>0</Version><Name /></ProcessIdentity><ClassificationGroupIdentity><Id /><AutomaticallyPopulate>true</AutomaticallyPopulate><Version>0</Version><Name /></ClassificationGroupIdentity><GenerateMFPForms>false</GenerateMFPForms><ScanCNJFormLink /><ExpectedSolutionDuration>0</ExpectedSolutionDuration><UploadedDocsFolderId /><DownloadImagesAndData>false</DownloadImagesAndData><DeleteDocumentsWhenJobComplete>false</DeleteDocumentsWhenJobComplete><TrainingRequired>false</TrainingRequired><DownloadZipResources /><SeparationProfileIdentity /><MaintenanceAccessTokens /><FunctionalAccessResources /><ResourcePermissionType>FullControl</ResourcePermissionType><PackageId /></CaptureSolution><DataModels><ImportExportPackageSummaryOfDataModelIdentity><Identity><Id>2B218E31CA1D87736987732430C29BDC</Id><Version>1</Version><Name>ATT-SIMPLIFIED-RESULT-v1.0</Name></Identity><LastModifiedBy><Id>C13E87D165A945399B1E6A40F637B5C1</Id><AutomaticallyPopulate>true</AutomaticallyPopulate><ResourceType>Worker</ResourceType><EmailAddress /><UserId /><ManagerialLevel>0</ManagerialLevel></LastModifiedBy><LastModified>2024-12-03T14:32:28.993</LastModified></ImportExportPackageSummaryOfDataModelIdentity><ImportExportPackageSummaryOfDataModelIdentity><Identity><Id>41C4EF7D58273BE892AA22F26B0FE6AC</Id><Version>1</Version><Name>ATT-SIMPLIFIED-RESULT</Name></Identity><LastModifiedBy><Id>C13E87D165A945399B1E6A40F637B5C1</Id><AutomaticallyPopulate>true</AutomaticallyPopulate><ResourceType>Worker</ResourceType><EmailAddress /><UserId /><ManagerialLevel>0</ManagerialLevel></LastModifiedBy><LastModified>2024-12-05T16:24:08.917</LastModified></ImportExportPackageSummaryOfDataModelIdentity></DataModels><QuickApp><Id /><Name /><Version>0</Version><AppType>QuickWorkflow</AppType></QuickApp><QuickAppType>QuickWorkflow</QuickAppType><QuickAppLastModified>0001-01-01T00:00:00</QuickAppLastModified><PackageItemAssociations><PackageItemAssociation><Id>0AE913A4F18A483FB6B3BFA4D0FEBF60</Id><Name /><ItemType>28</ItemType><AssociatedItems><AssociatedItem><Id>063EFE4BD45A41D48A9DE3783DA71BCD</Id><ItemType>3</ItemType><Name>attestiv-header.png</Name></AssociatedItem><AssociatedItem><Id>15F98A092C4B46B58506ED88D0D0369C</Id><ItemType>3</ItemType><Name>tungstenlabs.integration.attestiv.dll</Name></AssociatedItem><AssociatedItem><Id>2020829424FC47E5ACB0F93254E4922C</Id><ItemType>3</ItemType><Name>attestiv-logo.png</Name></AssociatedItem><AssociatedItem><Id>2B8146FA6E9F42BCAB836723319A42D8</Id><ItemType>3</ItemType><Name>attestiv-login-body.png</Name></AssociatedItem><AssociatedItem><Id>547D951E2CE24E17B8C843E294BB7376</Id><ItemType>3</ItemType><Name>attestiv-overview.png</Name></AssociatedItem><AssociatedItem><Id>0AE913A4F18A483FB6B3BFA4D0FEBF60</Id><ItemType>28</ItemType><Name /></AssociatedItem><AssociatedItem><Id>2B218E31CA1D87736987732430C29BDC</Id><ItemType>44</ItemType><Name>ATT-SIMPLIFIED-RESULT-v1.0</Name></AssociatedItem><AssociatedItem><Id>41C4EF7D58273BE892AA22F26B0FE6AC</Id><ItemType>44</ItemType><Name>ATT-SIMPLIFIED-RESULT</Name></AssociatedItem><AssociatedItem><Id>1A897A0A393F4F23B173643DCC1D1E58</Id><ItemType>6</ItemType><Name>POC_Attestiv_New_RequestCNJ</Name></AssociatedItem><AssociatedItem><Id>7A3BB8E8840E404AB1EB5DBC87B54246</Id><ItemType>6</ItemType><Name>POC_Attestiv_Image_AnalysisReject Review</Name></AssociatedItem><AssociatedItem><Id>8BE1C7B6B5594973B3E62B3537E34734</Id><ItemType>6</ItemType><Name>attestiv-workqueue</Name></AssociatedItem><AssociatedItem><Id>BB3C206DCD104A16AC0F3B315BC7F09A</Id><ItemType>6</ItemType><Name>TestProcessCNJ</Name></AssociatedItem><AssociatedItem><Id>BDF9F1271D7A4B6FB20AC1E816DAB7F7</Id><ItemType>6</ItemType><Name>POC_Attestiv_Image_AnalysisDisplay Analysis</Name></AssociatedItem><AssociatedItem><Id>C70C29AF99B6417E8D353E026A3F2D31</Id><ItemType>6</ItemType><Name>attestiv-header</Name></AssociatedItem><AssociatedItem><Id>E06E07F452C047A9A3C2FE45A01DC871</Id><ItemType>6</ItemType><Name>attestiv-home</Name></AssociatedItem><AssociatedItem><Id>FDE1A270BC0544E19F9BB6D8231BE879</Id><ItemType>6</ItemType><Name>attestiv-login</Name></AssociatedItem><AssociatedItem><Id>9C2D98923C96434BBC3253485CF3B1D9</Id><ItemType>7</ItemType><Name>attestiv-navigation</Name></AssociatedItem><AssociatedItem><Id>A7A32F951AA246A8BD1ACDC22714AED1</Id><ItemType>33</ItemType><Name>Attestiv Connector</Name></AssociatedItem><AssociatedItem><Id>20DA5BB6517EA7589E8ACF571709318C</Id><ItemType>0</ItemType><Name>Attestiv_Image_Analysis_Bulk</Name></AssociatedItem><AssociatedItem><Id>2BD15EE8556B2E9CC01DF6E95E25A7CB</Id><ItemType>0</ItemType><Name>TestProcess</Name></AssociatedItem><AssociatedItem><Id>7CBA4C48FDE2A7DD04DB56D0C5B078E6</Id><ItemType>0</ItemType><Name>Attestiv_New_Request</Name></AssociatedItem><AssociatedItem><Id>F430CA2ED9FE4358ABFFA74BCD3A19FB</Id><ItemType>0</ItemType><Name>Attestiv_Image_Analysis</Name></AssociatedItem><AssociatedItem><Id>333567B96D04474885E99CC3AED08990</Id><ItemType>8</ItemType><Name>attestiv</Name></AssociatedItem><AssociatedItem><Id>4E34581BEE69E88B0727A4FF5E24E56F</Id><ItemType>9</ItemType><Name>Attestiv</Name></AssociatedItem><AssociatedItem><Id>B31D8C2F68F947F4B0CA7F1A171FBEA8</Id><ItemType>23</ItemType><Name>ATTESTIV</Name></AssociatedItem><AssociatedItem><Id>ATTACCESSTOKEN</Id><ItemType>35</ItemType><Name>ATT-ACCESS-TOKEN</Name></AssociatedItem><AssociatedItem><Id>ATTAPIURL</Id><ItemType>35</ItemType><Name>ATT-API-URL</Name></AssociatedItem><AssociatedItem><Id>ATTIMGHRESMIN</Id><ItemType>35</ItemType><Name>ATT-IMG-HRES-MIN</Name></AssociatedItem><AssociatedItem><Id>ATTIMGVRESMIN</Id><ItemType>35</ItemType><Name>ATT-IMG-VRES-MIN</Name></AssociatedItem><AssociatedItem><Id>ATTPSWDID</Id><ItemType>35</ItemType><Name>ATT-PSWD-ID</Name></AssociatedItem><AssociatedItem><Id>ATTUSERID</Id><ItemType>35</ItemType><Name>ATT-USER-ID</Name></AssociatedItem></AssociatedItems></PackageItemAssociation><PackageItemAssociation><Id>B31D8C2F68F947F4B0CA7F1A171FBEA8</Id><Name /><ItemType>23</ItemType><AssociatedItems /></PackageItemAssociation><PackageItemAssociation><Id>ATTACCESSTOKEN</Id><Name /><ItemType>35</ItemType><AssociatedItems /></PackageItemAssociation><PackageItemAssociation><Id>ATTAPIURL</Id><Name /><ItemType>35</ItemType><AssociatedItems /></PackageItemAssociation><PackageItemAssociation><Id>ATTIMGHRESMIN</Id><Name /><ItemType>35</ItemType><AssociatedItems /></PackageItemAssociation><PackageItemAssociation><Id>ATTIMGVRESMIN</Id><Name /><ItemType>35</ItemType><AssociatedItems /></PackageItemAssociation><PackageItemAssociation><Id>ATTPSWDID</Id><Name /><ItemType>35</ItemType><AssociatedItems /></PackageItemAssociation><PackageItemAssociation><Id>ATTUSERID</Id><Name /><ItemType>35</ItemType><AssociatedItems /></PackageItemAssociation><PackageItemAssociation><Id>F430CA2ED9FE4358ABFFA74BCD3A19FB</Id><Name /><ItemType>0</ItemType><AssociatedItems><AssociatedItem><Id>0AE913A4F18A483FB6B3BFA4D0FEBF60</Id><ItemType>28</ItemType><Name>Attestiv</Name></AssociatedItem><AssociatedItem><Id>E2A1706B60424707B39A1BDDDC8DB69C</Id><ItemType>28</ItemType><Name>TotalAgility Forms</Name></AssociatedItem><AssociatedItem><Id>41C4EF7D58273BE892AA22F26B0FE6AC</Id><ItemType>44</ItemType><Name>ATT-SIMPLIFIED-RESULT</Name></AssociatedItem><AssociatedItem><Id>1E70BD400456422DBFA431767DC6CB0F</Id><ItemType>36</ItemType><Name>WORKQUEUE_FORM</Name></AssociatedItem><AssociatedItem><Id>5E0F01E4914A48D08009FFC40C130EFF</Id><ItemType>36</ItemType><Name>EPC</Name></AssociatedItem><AssociatedItem><Id>8A1DD88A21124A98A51B5679DE7FDCB4</Id><ItemType>36</ItemType><Name>JOB_ID</Name></AssociatedItem><AssociatedItem><Id>AFBE96EA665E4F16A2FDA88044A23D0A</Id><ItemType>36</ItemType><Name>NODE_ID</Name></AssociatedItem><AssociatedItem><Id>161F8F818093437482D2886B7B6756BB</Id><ItemType>36</ItemType><Name>SESSION_ID</Name></AssociatedItem><AssociatedItem><Id>BDF9F1271D7A4B6FB20AC1E816DAB7F7</Id><ItemType>6</ItemType><Name>POC_Attestiv_Image_AnalysisDisplay Analysis</Name></AssociatedItem><AssociatedItem><Id>9DB3D0CCAA4A418FA3DB77272EAB74F6</Id><ItemType>6</ItemType><Name>AutomationRequest</Name></AssociatedItem><AssociatedItem><Id>7A3BB8E8840E404AB1EB5DBC87B54246</Id><ItemType>6</ItemType><Name>POC_Attestiv_Image_AnalysisReject Review</Name></AssociatedItem><AssociatedItem><Id>F430CA2ED9FE4358ABFFA74BCD3A19FB</Id><ItemType>0</ItemType><Name>Attestiv_Image_Analysis</Name></AssociatedItem><AssociatedItem><Id>B31D8C2F68F947F4B0CA7F1A171FBEA8</Id><ItemType>23</ItemType><Name>ATTESTIV</Name></AssociatedItem><AssociatedItem><Id>KTA_SDK_URL</Id><ItemType>35</ItemType><Name /></AssociatedItem><AssociatedItem><Id>SPP_SYSTEM_SESSION_ID</Id><ItemType>35</ItemType><Name /></AssociatedItem><AssociatedItem><Id>ATTIMGHRESMIN</Id><ItemType>35</ItemType><Name /></AssociatedItem><AssociatedItem><Id>ATTIMGVRESMIN</Id><ItemType>35</ItemType><Name /></AssociatedItem></AssociatedItems></PackageItemAssociation><PackageItemAssociation><Id>7CBA4C48FDE2A7DD04DB56D0C5B078E6</Id><Name /><ItemType>0</ItemType><AssociatedItems><AssociatedItem><Id>0AE913A4F18A483FB6B3BFA4D0FEBF60</Id><ItemType>28</ItemType><Name>Attestiv</Name></AssociatedItem><AssociatedItem><Id>161F8F818093437482D2886B7B6756BB</Id><ItemType>36</ItemType><Name>SESSION_ID</Name></AssociatedItem><AssociatedItem><Id>70524F38E409C62A6CB02E29B183DBFD</Id><ItemType>34</ItemType><Name>TIFF Conversion</Name></AssociatedItem><AssociatedItem><Id>1A897A0A393F4F23B173643DCC1D1E58</Id><ItemType>6</ItemType><Name>POC_Attestiv_New_RequestCNJ</Name></AssociatedItem><AssociatedItem><Id>8BE1C7B6B5594973B3E62B3537E34734</Id><ItemType>6</ItemType><Name>attestiv-workqueue</Name></AssociatedItem><AssociatedItem><Id>7CBA4C48FDE2A7DD04DB56D0C5B078E6</Id><ItemType>0</ItemType><Name>Attestiv_New_Request</Name></AssociatedItem><AssociatedItem><Id>B31D8C2F68F947F4B0CA7F1A171FBEA8</Id><ItemType>23</ItemType><Name>ATTESTIV</Name></AssociatedItem><AssociatedItem><Id>SPP_SYSTEM_SESSION_ID</Id><ItemType>35</ItemType><Name /></AssociatedItem></AssociatedItems></PackageItemAssociation><PackageItemAssociation><Id>20DA5BB6517EA7589E8ACF571709318C</Id><Name /><ItemType>0</ItemType><AssociatedItems><AssociatedItem><Id>0AE913A4F18A483FB6B3BFA4D0FEBF60</Id><ItemType>28</ItemType><Name>Attestiv</Name></AssociatedItem><AssociatedItem><Id>20DA5BB6517EA7589E8ACF571709318C</Id><ItemType>0</ItemType><Name>Attestiv_Image_Analysis_Bulk</Name></AssociatedItem><AssociatedItem><Id>KTA_SDK_URL</Id><ItemType>35</ItemType><Name /></AssociatedItem><AssociatedItem><Id>SPP_SYSTEM_SESSION_ID</Id><ItemType>35</ItemType><Name /></AssociatedItem></AssociatedItems></PackageItemAssociation><PackageItemAssociation><Id>BDF9F1271D7A4B6FB20AC1E816DAB7F7</Id><Name /><ItemType>6</ItemType><AssociatedItems /></PackageItemAssociation><PackageItemAssociation><Id>7A3BB8E8840E404AB1EB5DBC87B54246</Id><Name /><ItemType>6</ItemType><AssociatedItems /></PackageItemAssociation><PackageItemAssociation><Id>1A897A0A393F4F23B173643DCC1D1E58</Id><Name /><ItemType>6</ItemType><AssociatedItems /></PackageItemAssociation><PackageItemAssociation><Id>8BE1C7B6B5594973B3E62B3537E34734</Id><Name /><ItemType>6</ItemType><AssociatedItems /></PackageItemAssociation><PackageItemAssociation><Id>C70C29AF99B6417E8D353E026A3F2D31</Id><Name /><ItemType>6</ItemType><AssociatedItems><AssociatedItem><Id>063EFE4BD45A41D48A9DE3783DA71BCD</Id><ItemType>3</ItemType><Name>attestiv-header.png</Name></AssociatedItem><AssociatedItem><Id>D4D0F32154434ECCAFDD02B2455C634E</Id><ItemType>3</ItemType><Name>home.png</Name></AssociatedItem><AssociatedItem><Id>3FDC685D66B04A9485668CA8B1A7F61C</Id><ItemType>3</ItemType><Name>mail_open.png</Name></AssociatedItem><AssociatedItem><Id>766B32376B9543A1A4189CA8FB874725</Id><ItemType>3</ItemType><Name>mail_closed.png</Name></AssociatedItem><AssociatedItem><Id>72FE14D14AD04EB48F9D91BE7987B38F</Id><ItemType>3</ItemType><Name>help_icon.png</Name></AssociatedItem><AssociatedItem><Id>1D186161C6DB420DBE0F90ED725B7C32</Id><ItemType>3</ItemType><Name>add_icon.png</Name></AssociatedItem><AssociatedItem><Id>B67FED985F3E45519EA0FFDC735CD0A4</Id><ItemType>3</ItemType><Name>delete_icon.png</Name></AssociatedItem><AssociatedItem><Id>D5E2227D4204423F82B82DFDECE14684</Id><ItemType>3</ItemType><Name>Mail-read.gif</Name></AssociatedItem><AssociatedItem><Id>21ABE64B28334E3587597220E63F6264</Id><ItemType>3</ItemType><Name>rai-overview.svg</Name></AssociatedItem><AssociatedItem><Id>38029A6F254C427DBFBCAA9D022E662B</Id><ItemType>3</ItemType><Name>rai-pattern-newrequest.svg</Name></AssociatedItem><AssociatedItem><Id>159C91BCCD1C46C082FE86613DC06F8E</Id><ItemType>3</ItemType><Name>Tungsten-TotalAgility-logo.svg</Name></AssociatedItem><AssociatedItem><Id>809E489A332B4138893496FCAE0155CA</Id><ItemType>3</ItemType><Name>rai-logo-light.svg</Name></AssociatedItem><AssociatedItem><Id>0E3CA1D8C600459FB2A4E7891D3BE830</Id><ItemType>3</ItemType><Name>rai-login-carousel.gif</Name></AssociatedItem><AssociatedItem><Id>3E864E354A724E13B55EF12A30EAC6A8</Id><ItemType>3</ItemType><Name>rai-pattern-login.svg</Name></AssociatedItem><AssociatedItem><Id>0AE913A4F18A483FB6B3BFA4D0FEBF60</Id><ItemType>28</ItemType><Name>Attestiv</Name></AssociatedItem><AssociatedItem><Id>201F370CA5164F76ADDD8EEEFF666AF7</Id><ItemType>28</ItemType><Name>Default Category</Name></AssociatedItem><AssociatedItem><Id>E2A1706B60424707B39A1BDDDC8DB69C</Id><ItemType>28</ItemType><Name>TotalAgility Forms</Name></AssociatedItem><AssociatedItem><Id>A08C5B14E0A64A3DB33CE9AB312D2D18</Id><ItemType>28</ItemType><Name>Resistant.ai</Name></AssociatedItem><AssociatedItem><Id>161F8F818093437482D2886B7B6756BB</Id><ItemType>36</ItemType><Name>SESSION_ID</Name></AssociatedItem><AssociatedItem><Id>3FE35DDD709A422588F9C8FE908C6393</Id><ItemType>36</ItemType><Name>RESOURCE_ID</Name></AssociatedItem><AssociatedItem><Id>E6C90ACEAF974035B52AFE50012F84D6</Id><ItemType>36</ItemType><Name>RESOURCE_NAME</Name></AssociatedItem><AssociatedItem><Id>C70C29AF99B6417E8D353E026A3F2D31</Id><ItemType>6</ItemType><Name>attestiv-header</Name></AssociatedItem><AssociatedItem><Id>0909869BE6A943A08316857158E25E08</Id><ItemType>6</ItemType><Name>MailBox</Name></AssociatedItem><AssociatedItem><Id>0909869BE6A943A0B31685715FE25E08</Id><ItemType>6</ItemType><Name>AddNote</Name></AssociatedItem><AssociatedItem><Id>1F84BE5525B14DE1B9B95A44C57C0CF3</Id><ItemType>6</ItemType><Name>Profile</Name></AssociatedItem><AssociatedItem><Id>4BECEB69F3214DD2A1DC1DBC247BCA4E</Id><ItemType>6</ItemType><Name>WorkAllocationRule</Name></AssociatedItem><AssociatedItem><Id>868FA53E24504D2AB8AF17D1476B7D6D</Id><ItemType>6</ItemType><Name>ChangePassword</Name></AssociatedItem><AssociatedItem><Id>B027A27EA4DA49AA9FC99A9802C87142</Id><ItemType>6</ItemType><Name>rai-home</Name></AssociatedItem><AssociatedItem><Id>28CBA0D91C704F60B803E4F8E64B85FF</Id><ItemType>6</ItemType><Name>rai-login</Name></AssociatedItem></AssociatedItems></PackageItemAssociation><PackageItemAssociation><Id>E06E07F452C047A9A3C2FE45A01DC871</Id><Name /><ItemType>6</ItemType><AssociatedItems><AssociatedItem><Id>547D951E2CE24E17B8C843E294BB7376</Id><ItemType>3</ItemType><Name>attestiv-overview.png</Name></AssociatedItem><AssociatedItem><Id>38029A6F254C427DBFBCAA9D022E662B</Id><ItemType>3</ItemType><Name>rai-pattern-newrequest.svg</Name></AssociatedItem><AssociatedItem><Id>0AE913A4F18A483FB6B3BFA4D0FEBF60</Id><ItemType>28</ItemType><Name>Attestiv</Name></AssociatedItem><AssociatedItem><Id>E06E07F452C047A9A3C2FE45A01DC871</Id><ItemType>6</ItemType><Name>attestiv-home</Name></AssociatedItem></AssociatedItems></PackageItemAssociation><PackageItemAssociation><Id>FDE1A270BC0544E19F9BB6D8231BE879</Id><Name /><ItemType>6</ItemType><AssociatedItems><AssociatedItem><Id>159C91BCCD1C46C082FE86613DC06F8E</Id><ItemType>3</ItemType><Name>Tungsten-TotalAgility-logo.svg</Name></AssociatedItem><AssociatedItem><Id>2020829424FC47E5ACB0F93254E4922C</Id><ItemType>3</ItemType><Name>attestiv-logo.png</Name></AssociatedItem><AssociatedItem><Id>2B8146FA6E9F42BCAB836723319A42D8</Id><ItemType>3</ItemType><Name>attestiv-login-body.png</Name></AssociatedItem><AssociatedItem><Id>3E864E354A724E13B55EF12A30EAC6A8</Id><ItemType>3</ItemType><Name>rai-pattern-login.svg</Name></AssociatedItem><AssociatedItem><Id>0AE913A4F18A483FB6B3BFA4D0FEBF60</Id><ItemType>28</ItemType><Name>Attestiv</Name></AssociatedItem><AssociatedItem><Id>161F8F818093437482D2886B7B6756BB</Id><ItemType>36</ItemType><Name>SESSION_ID</Name></AssociatedItem><AssociatedItem><Id>3FE35DDD709A422588F9C8FE908C6393</Id><ItemType>36</ItemType><Name>RESOURCE_ID</Name></AssociatedItem><AssociatedItem><Id>E6C90ACEAF974035B52AFE50012F84D6</Id><ItemType>36</ItemType><Name>RESOURCE_NAME</Name></AssociatedItem><AssociatedItem><Id>FDE1A270BC0544E19F9BB6D8231BE879</Id><ItemType>6</ItemType><Name>attestiv-login</Name></AssociatedItem></AssociatedItems></PackageItemAssociation><PackageItemAssociation><Id>063EFE4BD45A41D48A9DE3783DA71BCD</Id><Name /><ItemType>3</ItemType><AssociatedItems /></PackageItemAssociation><PackageItemAssociation><Id>547D951E2CE24E17B8C843E294BB7376</Id><Name /><ItemType>3</ItemType><AssociatedItems /></PackageItemAssociation><PackageItemAssociation><Id>2020829424FC47E5ACB0F93254E4922C</Id><Name /><ItemType>3</ItemType><AssociatedItems /></PackageItemAssociation><PackageItemAssociation><Id>2B8146FA6E9F42BCAB836723319A42D8</Id><Name /><ItemType>3</ItemType><AssociatedItems /></PackageItemAssociation><PackageItemAssociation><Id>B42C3A88A06F43F5ACF5675F0188C5EC</Id><Name /><ItemType>3</ItemType><AssociatedItems><AssociatedItem><Id>B42C3A88A06F43F5ACF5675F0188C5EC</Id><ItemType>3</ItemType><Name>TotalAgilityWorkspace.css</Name></AssociatedItem><AssociatedItem><Id>E2A1706B60424707B39A1BDDDC8DB69C</Id><ItemType>28</ItemType><Name>TotalAgility Forms</Name></AssociatedItem></AssociatedItems></PackageItemAssociation><PackageItemAssociation><Id>333567B96D04474885E99CC3AED08990</Id><Name /><ItemType>8</ItemType><AssociatedItems><AssociatedItem><Id>B42C3A88A06F43F5ACF5675F0188C5EC</Id><ItemType>3</ItemType><Name>TotalAgilityWorkspace.css</Name></AssociatedItem><AssociatedItem><Id>0AE913A4F18A483FB6B3BFA4D0FEBF60</Id><ItemType>28</ItemType><Name>Attestiv</Name></AssociatedItem><AssociatedItem><Id>C70C29AF99B6417E8D353E026A3F2D31</Id><ItemType>6</ItemType><Name>attestiv-header</Name></AssociatedItem><AssociatedItem><Id>FDE1A270BC0544E19F9BB6D8231BE879</Id><ItemType>6</ItemType><Name>attestiv-login</Name></AssociatedItem><AssociatedItem><Id>E06E07F452C047A9A3C2FE45A01DC871</Id><ItemType>6</ItemType><Name>attestiv-home</Name></AssociatedItem><AssociatedItem><Id>9C2D98923C96434BBC3253485CF3B1D9</Id><ItemType>7</ItemType><Name>attestiv-navigation</Name></AssociatedItem><AssociatedItem><Id>333567B96D04474885E99CC3AED08990</Id><ItemType>8</ItemType><Name>attestiv</Name></AssociatedItem><AssociatedItem><Id>0178FEA2525C4F3D8AC51E3C273D865D</Id><ItemType>9</ItemType><Name>TotalAgility Workspace</Name></AssociatedItem></AssociatedItems></PackageItemAssociation><PackageItemAssociation><Id>15F98A092C4B46B58506ED88D0D0369C</Id><Name /><ItemType>4</ItemType><AssociatedItems /></PackageItemAssociation><PackageItemAssociation><Id>9C2D98923C96434BBC3253485CF3B1D9</Id><Name /><ItemType>7</ItemType><AssociatedItems /></PackageItemAssociation><PackageItemAssociation><Id>4E34581BEE69E88B0727A4FF5E24E56F</Id><Name /><ItemType>9</ItemType><AssociatedItems><AssociatedItem><Id>0AE913A4F18A483FB6B3BFA4D0FEBF60</Id><ItemType>28</ItemType><Name>Attestiv</Name></AssociatedItem><AssociatedItem><Id>4E34581BEE69E88B0727A4FF5E24E56F</Id><ItemType>9</ItemType><Name>Attestiv</Name></AssociatedItem></AssociatedItems></PackageItemAssociation><PackageItemAssociation><Id>2B218E31CA1D87736987732430C29BDC</Id><Name /><ItemType>44</ItemType><AssociatedItems><AssociatedItem><Id>0AE913A4F18A483FB6B3BFA4D0FEBF60</Id><ItemType>28</ItemType><Name>Attestiv</Name></AssociatedItem><AssociatedItem><Id>2B218E31CA1D87736987732430C29BDC</Id><ItemType>44</ItemType><Name /></AssociatedItem></AssociatedItems></PackageItemAssociation><PackageItemAssociation><Id>41C4EF7D58273BE892AA22F26B0FE6AC</Id><Name /><ItemType>44</ItemType><AssociatedItems><AssociatedItem><Id>0AE913A4F18A483FB6B3BFA4D0FEBF60</Id><ItemType>28</ItemType><Name>Attestiv</Name></AssociatedItem><AssociatedItem><Id>41C4EF7D58273BE892AA22F26B0FE6AC</Id><ItemType>44</ItemType><Name /></AssociatedItem></AssociatedItems></PackageItemAssociation><PackageItemAssociation><Id>A7A32F951AA246A8BD1ACDC22714AED1</Id><Name /><ItemType>33</ItemType><AssociatedItems><AssociatedItem><Id>0AE913A4F18A483FB6B3BFA4D0FEBF60</Id><ItemType>28</ItemType><Name>Attestiv</Name></AssociatedItem><AssociatedItem><Id>A7A32F951AA246A8BD1ACDC22714AED1</Id><ItemType>33</ItemType><Name>Attestiv Connector</Name></AssociatedItem></AssociatedItems></PackageItemAssociation></PackageItemAssociations><CurrencyCodes /></SpaPackageImportExportData>