<?xml version="1.0" encoding="utf-16"?>
<ArrayOfDataModel xmlns:xsd="http://www.w3.org/2001/XMLSchema" xmlns:xsi="http://www.w3.org/2001/XMLSchema-instance">
  <DataModel>
    <Identity>
      <Id>2B218E31CA1D87736987732430C29BDC</Id>
      <Version>1</Version>
      <Name>ATT-SIMPLIFIED-RESULT-v1.0</Name>
    </Identity>
    <Category>
      <Id>0AE913A4F18A483FB6B3BFA4D0FEBF60</Id>
      <AutomaticallyPopulate>true</AutomaticallyPopulate>
      <Name />
      <Description />
    </Category>
    <Data>
      <Fields>
        <DataModelField>
          <Identity>
            <Id>D1FCBEF22D01470FB556CB0112ED19B7</Id>
            <Name>FIELD1</Name>
            <DisplayName>Field1</DisplayName>
          </Identity>
          <Type>ObjectArray</Type>
          <SubFields>
            <DataModelField>
              <Identity>
                <Id>4D9EE8E405A8498890A12DDB72E1AAFF</Id>
                <Name>TamperScore</Name>
                <DisplayName>TamperScore</DisplayName>
              </Identity>
              <Type>Number</Type>
              <DefaultValue xsi:type="xsd:int">0</DefaultValue>
              <SubFields />
              <IsUnnamed>false</IsUnnamed>
              <Scope>Public</Scope>
              <DecimalPrecision>0</DecimalPrecision>
              <FieldDisplayProperties>
                <VariableIdentity>
                  <Id>4D9EE8E405A8498890A12DDB72E1AAFF</Id>
                  <Version>0</Version>
                  <OwnerId />
                  <DisplayName />
                  <Name />
                </VariableIdentity>
                <StringVariableDisplayProperties>
                  <VariableControlType>Singleline</VariableControlType>
                  <MaxNumberOfCharacters>0</MaxNumberOfCharacters>
                  <LookupIdentity />
                  <StaticData />
                  <Mandatory>false</Mandatory>
                </StringVariableDisplayProperties>
                <MinValue>-900719925474</MinValue>
                <MaxValue>900719925474</MaxValue>
                <MinDate xsi:nil="true" />
                <MaxDate xsi:nil="true" />
                <DecimalPrecision>0</DecimalPrecision>
                <ShowTime>false</ShowTime>
              </FieldDisplayProperties>
              <IsDefaultValueNull>false</IsDefaultValueNull>
            </DataModelField>
            <DataModelField>
              <Identity>
                <Id>3AF87C5C1E094A1188BDD5ABFBAED1CA</Id>
                <Name>AnalysisId</Name>
                <DisplayName>AnalysisId</DisplayName>
              </Identity>
              <Type>Text</Type>
              <DefaultValue xsi:type="xsd:string" />
              <SubFields />
              <IsUnnamed>false</IsUnnamed>
              <Scope>Public</Scope>
              <DecimalPrecision>0</DecimalPrecision>
              <FieldDisplayProperties>
                <VariableIdentity>
                  <Id>3AF87C5C1E094A1188BDD5ABFBAED1CA</Id>
                  <Version>0</Version>
                  <OwnerId />
                  <DisplayName />
                  <Name />
                </VariableIdentity>
                <StringVariableDisplayProperties>
                  <VariableControlType>Singleline</VariableControlType>
                  <MaxNumberOfCharacters>10000</MaxNumberOfCharacters>
                  <LookupIdentity />
                  <StaticData />
                  <Mandatory>false</Mandatory>
                </StringVariableDisplayProperties>
                <MinDate xsi:nil="true" />
                <MaxDate xsi:nil="true" />
                <DecimalPrecision>0</DecimalPrecision>
                <ShowTime>false</ShowTime>
              </FieldDisplayProperties>
              <IsDefaultValueNull>false</IsDefaultValueNull>
            </DataModelField>
            <DataModelField>
              <Identity>
                <Id>90CF462D39B14934B2BF245C5519F92E</Id>
                <Name>Image</Name>
                <DisplayName>Image</DisplayName>
              </Identity>
              <Type>Text</Type>
              <DefaultValue xsi:type="xsd:string" />
              <SubFields />
              <IsUnnamed>false</IsUnnamed>
              <Scope>Public</Scope>
              <DecimalPrecision>0</DecimalPrecision>
              <FieldDisplayProperties>
                <VariableIdentity>
                  <Id>90CF462D39B14934B2BF245C5519F92E</Id>
                  <Version>0</Version>
                  <OwnerId />
                  <DisplayName />
                  <Name />
                </VariableIdentity>
                <StringVariableDisplayProperties>
                  <VariableControlType>Singleline</VariableControlType>
                  <MaxNumberOfCharacters>10000</MaxNumberOfCharacters>
                  <LookupIdentity />
                  <StaticData />
                  <Mandatory>false</Mandatory>
                </StringVariableDisplayProperties>
                <MinDate xsi:nil="true" />
                <MaxDate xsi:nil="true" />
                <DecimalPrecision>0</DecimalPrecision>
                <ShowTime>false</ShowTime>
              </FieldDisplayProperties>
              <IsDefaultValueNull>false</IsDefaultValueNull>
            </DataModelField>
            <DataModelField>
              <Identity>
                <Id>E1A3BED646F54C639BE78A69F118617C</Id>
                <Name>Type</Name>
                <DisplayName>Type</DisplayName>
              </Identity>
              <Type>Text</Type>
              <DefaultValue xsi:type="xsd:string" />
              <SubFields />
              <IsUnnamed>false</IsUnnamed>
              <Scope>Public</Scope>
              <DecimalPrecision>0</DecimalPrecision>
              <FieldDisplayProperties>
                <VariableIdentity>
                  <Id>E1A3BED646F54C639BE78A69F118617C</Id>
                  <Version>0</Version>
                  <OwnerId />
                  <DisplayName />
                  <Name />
                </VariableIdentity>
                <StringVariableDisplayProperties>
                  <VariableControlType>Singleline</VariableControlType>
                  <MaxNumberOfCharacters>10000</MaxNumberOfCharacters>
                  <LookupIdentity />
                  <StaticData />
                  <Mandatory>false</Mandatory>
                </StringVariableDisplayProperties>
                <MinDate xsi:nil="true" />
                <MaxDate xsi:nil="true" />
                <DecimalPrecision>0</DecimalPrecision>
                <ShowTime>false</ShowTime>
              </FieldDisplayProperties>
              <IsDefaultValueNull>false</IsDefaultValueNull>
            </DataModelField>
          </SubFields>
          <IsUnnamed>false</IsUnnamed>
          <Scope>Public</Scope>
          <DecimalPrecision>0</DecimalPrecision>
          <IsDefaultValueNull>false</IsDefaultValueNull>
        </DataModelField>
      </Fields>
      <Scope>Public</Scope>
    </Data>
    <Status>Released</Status>
    <Description />
    <OwnerId>19659C5AF012B24087A1C67CF35BBE60</OwnerId>
    <LastModifiedDate>2024-12-03T14:32:28.993</LastModifiedDate>
    <LastModifiedBy>
      <Id>C13E87D165A945399B1E6A40F637B5C1</Id>
      <AutomaticallyPopulate>true</AutomaticallyPopulate>
      <ResourceType>Worker</ResourceType>
      <EmailAddress />
      <UserId />
      <ManagerialLevel>0</ManagerialLevel>
    </LastModifiedBy>
  </DataModel>
  <DataModel>
    <Identity>
      <Id>41C4EF7D58273BE892AA22F26B0FE6AC</Id>
      <Version>1</Version>
      <Name>ATT-SIMPLIFIED-RESULT</Name>
    </Identity>
    <Category>
      <Id>0AE913A4F18A483FB6B3BFA4D0FEBF60</Id>
      <AutomaticallyPopulate>true</AutomaticallyPopulate>
      <Name />
      <Description />
    </Category>
    <Data>
      <Fields>
        <DataModelField>
          <Identity>
            <Id>1137EB647F504C1AA8C4B54DD7CF7632</Id>
            <Name>tamperScore</Name>
            <DisplayName>tamperScore</DisplayName>
          </Identity>
          <Type>Number</Type>
          <DefaultValue xsi:type="xsd:int">0</DefaultValue>
          <SubFields />
          <IsUnnamed>false</IsUnnamed>
          <Scope>Public</Scope>
          <DecimalPrecision>0</DecimalPrecision>
          <FieldDisplayProperties>
            <VariableIdentity>
              <Id>1137EB647F504C1AA8C4B54DD7CF7632</Id>
              <Version>0</Version>
              <OwnerId />
              <DisplayName />
              <Name />
            </VariableIdentity>
            <StringVariableDisplayProperties>
              <VariableControlType>Singleline</VariableControlType>
              <MaxNumberOfCharacters>0</MaxNumberOfCharacters>
              <LookupIdentity />
              <StaticData />
              <Mandatory>false</Mandatory>
            </StringVariableDisplayProperties>
            <MinValue>-900719925474</MinValue>
            <MaxValue>900719925474</MaxValue>
            <MinDate xsi:nil="true" />
            <MaxDate xsi:nil="true" />
            <DecimalPrecision>0</DecimalPrecision>
            <ShowTime>false</ShowTime>
          </FieldDisplayProperties>
          <IsDefaultValueNull>false</IsDefaultValueNull>
        </DataModelField>
        <DataModelField>
          <Identity>
            <Id>E67E57C5D6C145F1BEE7E976B961B591</Id>
            <Name>image</Name>
            <DisplayName>image</DisplayName>
          </Identity>
          <Type>Text</Type>
          <DefaultValue xsi:type="xsd:string" />
          <SubFields />
          <IsUnnamed>false</IsUnnamed>
          <Scope>Public</Scope>
          <DecimalPrecision>0</DecimalPrecision>
          <FieldDisplayProperties>
            <VariableIdentity>
              <Id>E67E57C5D6C145F1BEE7E976B961B591</Id>
              <Version>0</Version>
              <OwnerId />
              <DisplayName />
              <Name />
            </VariableIdentity>
            <StringVariableDisplayProperties>
              <VariableControlType>Singleline</VariableControlType>
              <MaxNumberOfCharacters>10000</MaxNumberOfCharacters>
              <LookupIdentity />
              <StaticData />
              <Mandatory>false</Mandatory>
            </StringVariableDisplayProperties>
            <MinDate xsi:nil="true" />
            <MaxDate xsi:nil="true" />
            <DecimalPrecision>0</DecimalPrecision>
            <ShowTime>false</ShowTime>
          </FieldDisplayProperties>
          <IsDefaultValueNull>false</IsDefaultValueNull>
        </DataModelField>
        <DataModelField>
          <Identity>
            <Id>8BBF1AF4E4B44757B0EF7395C0ED096D</Id>
            <Name>analysisId</Name>
            <DisplayName>analysisId</DisplayName>
          </Identity>
          <Type>Text</Type>
          <DefaultValue xsi:type="xsd:string" />
          <SubFields />
          <IsUnnamed>false</IsUnnamed>
          <Scope>Public</Scope>
          <DecimalPrecision>0</DecimalPrecision>
          <FieldDisplayProperties>
            <VariableIdentity>
              <Id>8BBF1AF4E4B44757B0EF7395C0ED096D</Id>
              <Version>0</Version>
              <OwnerId />
              <DisplayName />
              <Name />
            </VariableIdentity>
            <StringVariableDisplayProperties>
              <VariableControlType>Singleline</VariableControlType>
              <MaxNumberOfCharacters>10000</MaxNumberOfCharacters>
              <LookupIdentity />
              <StaticData />
              <Mandatory>false</Mandatory>
            </StringVariableDisplayProperties>
            <MinDate xsi:nil="true" />
            <MaxDate xsi:nil="true" />
            <DecimalPrecision>0</DecimalPrecision>
            <ShowTime>false</ShowTime>
          </FieldDisplayProperties>
          <IsDefaultValueNull>false</IsDefaultValueNull>
        </DataModelField>
        <DataModelField>
          <Identity>
            <Id>22492D4BF8B7443BA4284FADDCD61741</Id>
            <Name>_version</Name>
            <DisplayName>_version</DisplayName>
          </Identity>
          <Type>Text</Type>
          <DefaultValue xsi:type="xsd:string" />
          <SubFields />
          <IsUnnamed>false</IsUnnamed>
          <Scope>Public</Scope>
          <DecimalPrecision>0</DecimalPrecision>
          <FieldDisplayProperties>
            <VariableIdentity>
              <Id>22492D4BF8B7443BA4284FADDCD61741</Id>
              <Version>0</Version>
              <OwnerId />
              <DisplayName />
              <Name />
            </VariableIdentity>
            <StringVariableDisplayProperties>
              <VariableControlType>Singleline</VariableControlType>
              <MaxNumberOfCharacters>10000</MaxNumberOfCharacters>
              <LookupIdentity />
              <StaticData />
              <Mandatory>false</Mandatory>
            </StringVariableDisplayProperties>
            <MinDate xsi:nil="true" />
            <MaxDate xsi:nil="true" />
            <DecimalPrecision>0</DecimalPrecision>
            <ShowTime>false</ShowTime>
          </FieldDisplayProperties>
          <IsDefaultValueNull>false</IsDefaultValueNull>
        </DataModelField>
        <DataModelField>
          <Identity>
            <Id>A4BA242546894096B7A872357E98C1F0</Id>
            <Name>type</Name>
            <DisplayName>type</DisplayName>
          </Identity>
          <Type>Text</Type>
          <DefaultValue xsi:type="xsd:string" />
          <SubFields />
          <IsUnnamed>false</IsUnnamed>
          <Scope>Public</Scope>
          <DecimalPrecision>0</DecimalPrecision>
          <FieldDisplayProperties>
            <VariableIdentity>
              <Id>A4BA242546894096B7A872357E98C1F0</Id>
              <Version>0</Version>
              <OwnerId />
              <DisplayName />
              <Name />
            </VariableIdentity>
            <StringVariableDisplayProperties>
              <VariableControlType>Singleline</VariableControlType>
              <MaxNumberOfCharacters>10000</MaxNumberOfCharacters>
              <LookupIdentity />
              <StaticData />
              <Mandatory>false</Mandatory>
            </StringVariableDisplayProperties>
            <MinDate xsi:nil="true" />
            <MaxDate xsi:nil="true" />
            <DecimalPrecision>0</DecimalPrecision>
            <ShowTime>false</ShowTime>
          </FieldDisplayProperties>
          <IsDefaultValueNull>false</IsDefaultValueNull>
        </DataModelField>
        <DataModelField>
          <Identity>
            <Id>8ED3C3C763414E93AEF181EF77E80D71</Id>
            <Name>assessments</Name>
            <DisplayName>assessments</DisplayName>
          </Identity>
          <Type>ObjectArray</Type>
          <SubFields>
            <DataModelField>
              <Identity>
                <Id>CD868E09F4F0408C8E09EE387AC20B88</Id>
                <Name>model</Name>
                <DisplayName>model</DisplayName>
              </Identity>
              <Type>Text</Type>
              <DefaultValue xsi:type="xsd:string" />
              <SubFields />
              <IsUnnamed>false</IsUnnamed>
              <Scope>Public</Scope>
              <DecimalPrecision>0</DecimalPrecision>
              <FieldDisplayProperties>
                <VariableIdentity>
                  <Id>CD868E09F4F0408C8E09EE387AC20B88</Id>
                  <Version>0</Version>
                  <OwnerId />
                  <DisplayName />
                  <Name />
                </VariableIdentity>
                <StringVariableDisplayProperties>
                  <VariableControlType>Singleline</VariableControlType>
                  <MaxNumberOfCharacters>10000</MaxNumberOfCharacters>
                  <LookupIdentity />
                  <StaticData />
                  <Mandatory>false</Mandatory>
                </StringVariableDisplayProperties>
                <MinDate xsi:nil="true" />
                <MaxDate xsi:nil="true" />
                <DecimalPrecision>0</DecimalPrecision>
                <ShowTime>false</ShowTime>
              </FieldDisplayProperties>
              <IsDefaultValueNull>false</IsDefaultValueNull>
            </DataModelField>
            <DataModelField>
              <Identity>
                <Id>A60A080AB0D541068D7F22E48286D310</Id>
                <Name>compromisedScore</Name>
                <DisplayName>compromisedScore</DisplayName>
              </Identity>
              <Type>Number</Type>
              <DefaultValue xsi:type="xsd:int">0</DefaultValue>
              <SubFields />
              <IsUnnamed>false</IsUnnamed>
              <Scope>Public</Scope>
              <DecimalPrecision>0</DecimalPrecision>
              <FieldDisplayProperties>
                <VariableIdentity>
                  <Id>A60A080AB0D541068D7F22E48286D310</Id>
                  <Version>0</Version>
                  <OwnerId />
                  <DisplayName />
                  <Name />
                </VariableIdentity>
                <StringVariableDisplayProperties>
                  <VariableControlType>Singleline</VariableControlType>
                  <MaxNumberOfCharacters>0</MaxNumberOfCharacters>
                  <LookupIdentity />
                  <StaticData />
                  <Mandatory>false</Mandatory>
                </StringVariableDisplayProperties>
                <MinValue>-900719925474</MinValue>
                <MaxValue>900719925474</MaxValue>
                <MinDate xsi:nil="true" />
                <MaxDate xsi:nil="true" />
                <DecimalPrecision>0</DecimalPrecision>
                <ShowTime>false</ShowTime>
              </FieldDisplayProperties>
              <IsDefaultValueNull>false</IsDefaultValueNull>
            </DataModelField>
            <DataModelField>
              <Identity>
                <Id>42A018485FB8475A96B1062D8EC1E17C</Id>
                <Name>message</Name>
                <DisplayName>message</DisplayName>
              </Identity>
              <Type>Text</Type>
              <DefaultValue xsi:type="xsd:string" />
              <SubFields />
              <IsUnnamed>false</IsUnnamed>
              <Scope>Public</Scope>
              <DecimalPrecision>0</DecimalPrecision>
              <FieldDisplayProperties>
                <VariableIdentity>
                  <Id>42A018485FB8475A96B1062D8EC1E17C</Id>
                  <Version>0</Version>
                  <OwnerId />
                  <DisplayName />
                  <Name />
                </VariableIdentity>
                <StringVariableDisplayProperties>
                  <VariableControlType>Singleline</VariableControlType>
                  <MaxNumberOfCharacters>10000</MaxNumberOfCharacters>
                  <LookupIdentity />
                  <StaticData />
                  <Mandatory>false</Mandatory>
                </StringVariableDisplayProperties>
                <MinDate xsi:nil="true" />
                <MaxDate xsi:nil="true" />
                <DecimalPrecision>0</DecimalPrecision>
                <ShowTime>false</ShowTime>
              </FieldDisplayProperties>
              <IsDefaultValueNull>false</IsDefaultValueNull>
            </DataModelField>
          </SubFields>
          <IsUnnamed>false</IsUnnamed>
          <Scope>Public</Scope>
          <DecimalPrecision>0</DecimalPrecision>
          <IsDefaultValueNull>false</IsDefaultValueNull>
        </DataModelField>
      </Fields>
      <Scope>Public</Scope>
    </Data>
    <Status>Released</Status>
    <Description />
    <OwnerId>19659C5AF012B24087A1C67CF35BBE60</OwnerId>
    <LastModifiedDate>2024-12-05T16:24:08.917</LastModifiedDate>
    <LastModifiedBy>
      <Id>C13E87D165A945399B1E6A40F637B5C1</Id>
      <AutomaticallyPopulate>true</AutomaticallyPopulate>
      <ResourceType>Worker</ResourceType>
      <EmailAddress />
      <UserId />
      <ManagerialLevel>0</ManagerialLevel>
    </LastModifiedBy>
  </DataModel>
</ArrayOfDataModel>