<?xml version="1.0" encoding="utf-16"?><SpaPackageImportExportData xmlns:xsd="http://www.w3.org/2001/XMLSchema" xmlns:xsi="http://www.w3.org/2001/XMLSchema-instance" dbversion="8.0.1"><PackageSummary><SpaPackageIdentity><Id>2D398D58165D474E9632C84017DBA2E2</Id><Name>Attestiv POC</Name><Version>6</Version></SpaPackageIdentity><Description /><CategoryIdentity><Id>0AE913A4F18A483FB6B3BFA4D0FEBF60</Id><AutomaticallyPopulate>true</AutomaticallyPopulate><Name>Attestiv</Name><Description /></CategoryIdentity><LastModifiedDateTime>2024-12-04T18:47:15.893</LastModifiedDateTime><LastModifiedResource><Id>C13E87D165A945399B1E6A40F637B5C1</Id><AutomaticallyPopulate>true</AutomaticallyPopulate><Name>Rafael Castro</Name><ResourceType>Worker</ResourceType><EmailAddress /><UserId /><ManagerialLevel>0</ManagerialLevel></LastModifiedResource><Comments /><ResourceAccessTokens><ResourceAccess><ResourceIdentity><Id>7DF43CCDF24611D2804B00104B71BD15</Id><AutomaticallyPopulate>true</AutomaticallyPopulate><Name>Everyone</Name><ResourceType>GroupOfWorkers</ResourceType><EmailAddress /><UserId /><ManagerialLevel>0</ManagerialLevel></ResourceIdentity><AccessType>MaintenanceAccess</AccessType><PermissionType>FullControl</PermissionType></ResourceAccess></ResourceAccessTokens><PermissionType>FullControl</PermissionType><SourceControlStatus>NotInSourceControl</SourceControlStatus><SpaPackageType>Default</SpaPackageType></PackageSummary><Processes><ImportExportPackageSummaryOfProcessIdentity><Identity><Id>20DA5BB6517EA7589E8ACF571709318C</Id><AutomaticallyPopulate>true</AutomaticallyPopulate><Version>5</Version><Name>POC_Attestiv_Image_Analysis</Name></Identity><LastModifiedBy><Id>C13E87D165A945399B1E6A40F637B5C1</Id><AutomaticallyPopulate>true</AutomaticallyPopulate><ResourceType>Worker</ResourceType><EmailAddress /><UserId /><ManagerialLevel>0</ManagerialLevel></LastModifiedBy><LastModified>2024-11-27T23:20:56.297</LastModified></ImportExportPackageSummaryOfProcessIdentity><ImportExportPackageSummaryOfProcessIdentity><Identity><Id>7CBA4C48FDE2A7DD04DB56D0C5B078E6</Id><AutomaticallyPopulate>true</AutomaticallyPopulate><Version>5</Version><Name>POC_Attestiv_New_Request</Name></Identity><LastModifiedBy><Id>C13E87D165A945399B1E6A40F637B5C1</Id><AutomaticallyPopulate>true</AutomaticallyPopulate><ResourceType>Worker</ResourceType><EmailAddress /><UserId /><ManagerialLevel>0</ManagerialLevel></LastModifiedBy><LastModified>2024-12-03T14:51:52.097</LastModified></ImportExportPackageSummaryOfProcessIdentity><ImportExportPackageSummaryOfProcessIdentity><Identity><Id>F430CA2ED9FE4358ABFFA74BCD3A19FB</Id><AutomaticallyPopulate>true</AutomaticallyPopulate><Version>7</Version><Name>POC_Attestiv_Image_Analysis</Name></Identity><LastModifiedBy><Id>C13E87D165A945399B1E6A40F637B5C1</Id><AutomaticallyPopulate>true</AutomaticallyPopulate><ResourceType>Worker</ResourceType><EmailAddress /><UserId /><ManagerialLevel>0</ManagerialLevel></LastModifiedBy><LastModified>2024-12-03T14:52:42.963</LastModified></ImportExportPackageSummaryOfProcessIdentity></Processes><ProcessExportOption><ExportResources>false</ExportResources><ExportGroupResourceMembers>false</ExportGroupResourceMembers><ExportResourcesExtensions>false</ExportResourcesExtensions><ExportCategories>false</ExportCategories><WithCategoryParentage>false</WithCategoryParentage><GeneralizedExport>false</GeneralizedExport><ExportDotNetReferencesWithPath>true</ExportDotNetReferencesWithPath><ExportCaseFragments>false</ExportCaseFragments><ExportTemplateSkins>true</ExportTemplateSkins><ExportExtractionClassificationData>true</ExportExtractionClassificationData><ExportGlobalDataModels>false</ExportGlobalDataModels><ExportProcessDataModels>false</ExportProcessDataModels><ExportType>CombineAssociatedMaps</ExportType><Version>0</Version><ExportServerVariables>true</ExportServerVariables><PreloadScript>1</PreloadScript><SleepDuration>0</SleepDuration><CategoryIds /><ProcessDocument>false</ProcessDocument><ProcessViewer>false</ProcessViewer><DotNetActivityType>0</DotNetActivityType><Projects /><AllProcessVariables /><ExportOnlyDocumentGroupIdentityDetails>false</ExportOnlyDocumentGroupIdentityDetails><SiteDetailsRequired>false</SiteDetailsRequired><CmisSiteDetailsRequired>false</CmisSiteDetailsRequired><Assets /><PerceptiveSiteDetailsRequired>false</PerceptiveSiteDetailsRequired><IncludeExportConnectorMappings>false</IncludeExportConnectorMappings><IncludeDocumentTypeRetentionPolicy>false</IncludeDocumentTypeRetentionPolicy><IsSpaExport>false</IsSpaExport><ProcessType>BusinessProcess</ProcessType><ProtectedItems /><ExportPageRenditions>false</ExportPageRenditions><ExportReportingTags>false</ExportReportingTags><ExportTestPlans>false</ExportTestPlans><IncludeProcessAssociationsInPackage>false</IncludeProcessAssociationsInPackage><IsGitExport>false</IsGitExport><ExcludeCaptureProjectTrainingSets>false</ExcludeCaptureProjectTrainingSets></ProcessExportOption><WorkAllocationRules /><Skins /><BusinessRules /><CustomServices /><CustomServiceGroups /><Assets><ImportExportPackageSummaryOfAssetIdentity><Identity><Id>1E115A248F9641B7A384F858A0264FD2</Id><Name>tungstenlabs.integration.attestiv.dll</Name><AssetType>DotNetAssembly</AssetType><AutomaticallyPopulate>true</AutomaticallyPopulate><StorageId>1</StorageId></Identity><LastModifiedBy><Id /><AutomaticallyPopulate>true</AutomaticallyPopulate><ResourceType>Worker</ResourceType><EmailAddress /><UserId /><ManagerialLevel>0</ManagerialLevel></LastModifiedBy><LastModified>2024-12-03T15:08:48.49</LastModified></ImportExportPackageSummaryOfAssetIdentity></Assets><Forms><ImportExportPackageSummaryOfFormIdentity><Identity><Id>6FFDC3609EDD4020999E1327B37D67D3</Id><AutomaticallyPopulate>false</AutomaticallyPopulate><Name>POC_Attestiv_Image_AnalysisDisplay Analysis</Name><Version>2</Version></Identity><LastModifiedBy><Id>C13E87D165A945399B1E6A40F637B5C1</Id><AutomaticallyPopulate>false</AutomaticallyPopulate><ResourceType>Worker</ResourceType><EmailAddress /><UserId /><ManagerialLevel>0</ManagerialLevel></LastModifiedBy><LastModified>2024-12-03T14:41:52.953</LastModified></ImportExportPackageSummaryOfFormIdentity><ImportExportPackageSummaryOfFormIdentity><Identity><Id>9DB3D0CCAA4A418FA3DB77272EAB74F6</Id><AutomaticallyPopulate>false</AutomaticallyPopulate><Name>AutomationRequest</Name><Version>37</Version></Identity><LastModifiedBy><Id>DC6B6C7016584FF5B13CFAB9924C6577</Id><AutomaticallyPopulate>false</AutomaticallyPopulate><ResourceType>Worker</ResourceType><EmailAddress /><UserId /><ManagerialLevel>0</ManagerialLevel></LastModifiedBy><LastModified>2022-10-13T16:14:16.903</LastModified></ImportExportPackageSummaryOfFormIdentity><ImportExportPackageSummaryOfFormIdentity><Identity><Id>7A3BB8E8840E404AB1EB5DBC87B54246</Id><AutomaticallyPopulate>false</AutomaticallyPopulate><Name>POC_Attestiv_Image_AnalysisReject Review</Name><Version>2</Version></Identity><LastModifiedBy><Id>C13E87D165A945399B1E6A40F637B5C1</Id><AutomaticallyPopulate>false</AutomaticallyPopulate><ResourceType>Worker</ResourceType><EmailAddress /><UserId /><ManagerialLevel>0</ManagerialLevel></LastModifiedBy><LastModified>2024-12-03T14:39:12.097</LastModified></ImportExportPackageSummaryOfFormIdentity><ImportExportPackageSummaryOfFormIdentity><Identity><Id>41FF9CDA654D41458850E660EDEC5AB6</Id><AutomaticallyPopulate>false</AutomaticallyPopulate><Name>POC_Attestiv_New_RequestCNJ</Name><Version>1</Version></Identity><LastModifiedBy><Id>C13E87D165A945399B1E6A40F637B5C1</Id><AutomaticallyPopulate>false</AutomaticallyPopulate><ResourceType>Worker</ResourceType><EmailAddress /><UserId /><ManagerialLevel>0</ManagerialLevel></LastModifiedBy><LastModified>2024-12-02T16:43:02.997</LastModified></ImportExportPackageSummaryOfFormIdentity></Forms><FormExportOptions><ExportHeader>false</ExportHeader><ExportNavigation>false</ExportNavigation><ExportGlobalVariables>true</ExportGlobalVariables><ExportWebServices>false</ExportWebServices><ExportBusinessRules>false</ExportBusinessRules><ExportSecurityTokens>false</ExportSecurityTokens><ExportSecurityRoles>false</ExportSecurityRoles><ExportRoleMembers>false</ExportRoleMembers><IsSpaExport>false</IsSpaExport></FormExportOptions><Navigations /><DeviceSettings /><Sites /><Themes /><Languages /><Lookups /><Resources /><Entities /><WorkTypes /><Checklists /><Folders /><ExtractionGroups /><ClassificationGroups /><Formatters /><FieldValidators /><ChecklistItems /><Events /><Targets /><Alerts /><AlertExportOption><ExportAssociatedProcess>false</ExportAssociatedProcess></AlertExportOption><Categories><ImportExportPackageSummaryOfCategoryIdentity><Identity><Id>0AE913A4F18A483FB6B3BFA4D0FEBF60</Id><AutomaticallyPopulate>true</AutomaticallyPopulate><Name>Attestiv</Name><Description /></Identity><LastModifiedBy><Id>C13E87D165A945399B1E6A40F637B5C1</Id><AutomaticallyPopulate>true</AutomaticallyPopulate><ResourceType>Worker</ResourceType><EmailAddress /><UserId /><ManagerialLevel>0</ManagerialLevel></LastModifiedBy><LastModified>2024-11-26T13:11:01.533</LastModified></ImportExportPackageSummaryOfCategoryIdentity><ImportExportPackageSummaryOfCategoryIdentity><Identity><Id>E2A1706B60424707B39A1BDDDC8DB69C</Id><AutomaticallyPopulate>true</AutomaticallyPopulate><Name>TotalAgility Forms</Name><Description /></Identity><LastModifiedBy><Id>7DF43CCDF24611D2804B00104B71BD10</Id><AutomaticallyPopulate>true</AutomaticallyPopulate><ResourceType>Worker</ResourceType><EmailAddress /><UserId /><ManagerialLevel>0</ManagerialLevel></LastModifiedBy><LastModified>2024-08-21T15:00:23.423</LastModified></ImportExportPackageSummaryOfCategoryIdentity></Categories><ScanVrsProfiles /><SeparationProfiles /><BarcodePatchcodeProfiles /><PdfGenerationProfiles /><DocConversionProfiles><ImportExportPackageSummaryOfDocumentConversionProfileIdentity><Identity><Id>70524F38E409C62A6CB02E29B183DBFD</Id><Name>TIFF Conversion</Name></Identity><LastModifiedBy><Id /><AutomaticallyPopulate>true</AutomaticallyPopulate><ResourceType>Worker</ResourceType><EmailAddress /><UserId /><ManagerialLevel>0</ManagerialLevel></LastModifiedBy><LastModified>0001-01-01T00:00:00</LastModified></ImportExportPackageSummaryOfDocumentConversionProfileIdentity></DocConversionProfiles><JobSchedules /><CaptureControlLayouts /><RegularExpressions /><Personas /><ServerVariables /><ServerVariablesCollection><ImportExportPackageSummaryOfVariable><Identity><VariableType>String</VariableType><Value xsi:type="xsd:string">https://ktacloudeco-dev.ktaprt.dev.kofaxcloud.com/services/sdk/</Value><Identity><Id>KTA_SDK_URL</Id><Version>0</Version><OwnerId /><DisplayName>KTA_SDK_URL</DisplayName><Name /></Identity><Dynamic>false</Dynamic><Category><Id>201F370CA5164F76ADDD8EEEFF666AF7</Id><AutomaticallyPopulate>true</AutomaticallyPopulate><Name /><Description /></Category><Grouping><Identity><Id>4FEE4E069417475DAC5D2C2E5C95CA49</Id></Identity><Variables /></Grouping><UseInSkin>false</UseInSkin><Found>false</Found><IsSecure>false</IsSecure><VariableScope>Process</VariableScope><IsDateExpression>false</IsDateExpression><DerivedExpression /><ErrorCodeMappingType>Static</ErrorCodeMappingType><VariableDisplayProperties><VariableIdentity><Id /><Version>0</Version><OwnerId /><DisplayName /><Name /></VariableIdentity><StringVariableDisplayProperties><VariableControlType>Singleline</VariableControlType><MaxNumberOfCharacters>0</MaxNumberOfCharacters><LookupIdentity /><StaticData /><Mandatory>false</Mandatory></StringVariableDisplayProperties><MinDate xsi:nil="true" /><MaxDate xsi:nil="true" /><DecimalPrecision>0</DecimalPrecision><ShowTime>false</ShowTime></VariableDisplayProperties><VariableAccessScope>Public</VariableAccessScope><IsResourceExpression>false</IsResourceExpression><IsDataObjectField>false</IsDataObjectField><IsDataObjectFieldOfTypeObject>false</IsDataObjectFieldOfTypeObject><BaseVariableType>String</BaseVariableType><BaseVariableId /></Identity><LastModifiedBy><Id /><AutomaticallyPopulate>true</AutomaticallyPopulate><ResourceType>Worker</ResourceType><EmailAddress /><UserId /><ManagerialLevel>0</ManagerialLevel></LastModifiedBy><LastModified>0001-01-01T00:00:00</LastModified></ImportExportPackageSummaryOfVariable><ImportExportPackageSummaryOfVariable><Identity><VariableType>System</VariableType><Value xsi:type="xsd:string" /><Identity><Id>SPP_SYSTEM_SESSION_ID</Id><Version>0</Version><OwnerId /><DisplayName>SPP_SYSTEM_SESSION_ID</DisplayName><Name /></Identity><Dynamic>true</Dynamic><Category><Id>FBCB88103B4D414FAE8E38058F46CCF4</Id><AutomaticallyPopulate>true</AutomaticallyPopulate><Name /><Description /></Category><Grouping><Identity><Id>4FEE4E069417475DAC5D2C2E5C95CA49</Id></Identity><Variables /></Grouping><UseInSkin>false</UseInSkin><Found>false</Found><IsSecure>false</IsSecure><VariableScope>Process</VariableScope><IsDateExpression>false</IsDateExpression><DerivedExpression /><ErrorCodeMappingType>Static</ErrorCodeMappingType><VariableDisplayProperties><VariableIdentity><Id /><Version>0</Version><OwnerId /><DisplayName /><Name /></VariableIdentity><StringVariableDisplayProperties><VariableControlType>Singleline</VariableControlType><MaxNumberOfCharacters>0</MaxNumberOfCharacters><LookupIdentity /><StaticData /><Mandatory>false</Mandatory></StringVariableDisplayProperties><MinDate xsi:nil="true" /><MaxDate xsi:nil="true" /><DecimalPrecision>0</DecimalPrecision><ShowTime>false</ShowTime></VariableDisplayProperties><VariableAccessScope>Public</VariableAccessScope><IsResourceExpression>false</IsResourceExpression><IsDataObjectField>false</IsDataObjectField><IsDataObjectFieldOfTypeObject>false</IsDataObjectFieldOfTypeObject><BaseVariableType>System</BaseVariableType><BaseVariableId /></Identity><LastModifiedBy><Id /><AutomaticallyPopulate>true</AutomaticallyPopulate><ResourceType>Worker</ResourceType><EmailAddress /><UserId /><ManagerialLevel>0</ManagerialLevel></LastModifiedBy><LastModified>0001-01-01T00:00:00</LastModified></ImportExportPackageSummaryOfVariable><ImportExportPackageSummaryOfVariable><Identity><VariableType>Float</VariableType><Value xsi:type="xsd:float">640</Value><Identity><Id>ATTIMGHRESMIN</Id><Version>0</Version><OwnerId /><DisplayName>ATT-IMG-HRES-MIN</DisplayName><Name /></Identity><Dynamic>false</Dynamic><Category><Id>0AE913A4F18A483FB6B3BFA4D0FEBF60</Id><AutomaticallyPopulate>true</AutomaticallyPopulate><Name /><Description /></Category><Grouping><Identity><Id>4FEE4E069417475DAC5D2C2E5C95CA49</Id></Identity><Variables /></Grouping><UseInSkin>false</UseInSkin><Found>false</Found><IsSecure>false</IsSecure><VariableScope>Process</VariableScope><IsDateExpression>false</IsDateExpression><DerivedExpression /><ErrorCodeMappingType>Static</ErrorCodeMappingType><VariableDisplayProperties><VariableIdentity><Id /><Version>0</Version><OwnerId /><DisplayName /><Name /></VariableIdentity><StringVariableDisplayProperties><VariableControlType>Singleline</VariableControlType><MaxNumberOfCharacters>0</MaxNumberOfCharacters><LookupIdentity /><StaticData /><Mandatory>false</Mandatory></StringVariableDisplayProperties><MinDate xsi:nil="true" /><MaxDate xsi:nil="true" /><DecimalPrecision>0</DecimalPrecision><ShowTime>false</ShowTime></VariableDisplayProperties><VariableAccessScope>Public</VariableAccessScope><IsResourceExpression>false</IsResourceExpression><IsDataObjectField>false</IsDataObjectField><IsDataObjectFieldOfTypeObject>false</IsDataObjectFieldOfTypeObject><BaseVariableType>Float</BaseVariableType><BaseVariableId /></Identity><LastModifiedBy><Id /><AutomaticallyPopulate>true</AutomaticallyPopulate><ResourceType>Worker</ResourceType><EmailAddress /><UserId /><ManagerialLevel>0</ManagerialLevel></LastModifiedBy><LastModified>0001-01-01T00:00:00</LastModified></ImportExportPackageSummaryOfVariable><ImportExportPackageSummaryOfVariable><Identity><VariableType>Float</VariableType><Value xsi:type="xsd:float">480</Value><Identity><Id>ATTIMGVRESMIN</Id><Version>0</Version><OwnerId /><DisplayName>ATT-IMG-VRES-MIN</DisplayName><Name /></Identity><Dynamic>false</Dynamic><Category><Id>0AE913A4F18A483FB6B3BFA4D0FEBF60</Id><AutomaticallyPopulate>true</AutomaticallyPopulate><Name /><Description /></Category><Grouping><Identity><Id>4FEE4E069417475DAC5D2C2E5C95CA49</Id></Identity><Variables /></Grouping><UseInSkin>false</UseInSkin><Found>false</Found><IsSecure>false</IsSecure><VariableScope>Process</VariableScope><IsDateExpression>false</IsDateExpression><DerivedExpression /><ErrorCodeMappingType>Static</ErrorCodeMappingType><VariableDisplayProperties><VariableIdentity><Id /><Version>0</Version><OwnerId /><DisplayName /><Name /></VariableIdentity><StringVariableDisplayProperties><VariableControlType>Singleline</VariableControlType><MaxNumberOfCharacters>0</MaxNumberOfCharacters><LookupIdentity /><StaticData /><Mandatory>false</Mandatory></StringVariableDisplayProperties><MinDate xsi:nil="true" /><MaxDate xsi:nil="true" /><DecimalPrecision>0</DecimalPrecision><ShowTime>false</ShowTime></VariableDisplayProperties><VariableAccessScope>Public</VariableAccessScope><IsResourceExpression>false</IsResourceExpression><IsDataObjectField>false</IsDataObjectField><IsDataObjectFieldOfTypeObject>false</IsDataObjectFieldOfTypeObject><BaseVariableType>Float</BaseVariableType><BaseVariableId /></Identity><LastModifiedBy><Id /><AutomaticallyPopulate>true</AutomaticallyPopulate><ResourceType>Worker</ResourceType><EmailAddress /><UserId /><ManagerialLevel>0</ManagerialLevel></LastModifiedBy><LastModified>0001-01-01T00:00:00</LastModified></ImportExportPackageSummaryOfVariable></ServerVariablesCollection><ThreadPools><ImportExportPackageSummaryOfThreadPoolIdentity><Identity><Id>0</Id><Name>Default Thread Pool</Name></Identity><LastModifiedBy><Id /><AutomaticallyPopulate>true</AutomaticallyPopulate><ResourceType>Worker</ResourceType><EmailAddress /><UserId /><ManagerialLevel>0</ManagerialLevel></LastModifiedBy><LastModified>0001-01-01T00:00:00</LastModified></ImportExportPackageSummaryOfThreadPoolIdentity></ThreadPools><Tags /><GlobalVariables /><GlobalVariablesCollection><ImportExportPackageSummaryOfSessionVariable><Identity><Identity><Name>WORKQUEUE_FORM</Name><Id>1E70BD400456422DBFA431767DC6CB0F</Id><AutomaticallyPopulate>true</AutomaticallyPopulate></Identity><Description>The Workqueue Form.</Description><Value /><IsLocalizable>false</IsLocalizable><Category><Id>201F370CA5164F76ADDD8EEEFF666AF7</Id><AutomaticallyPopulate>true</AutomaticallyPopulate><Name>Default Category</Name><Description /></Category><LastModifiedDateTime>2021-05-10T11:26:22</LastModifiedDateTime><IsSecure>false</IsSecure></Identity><LastModifiedBy><Id /><AutomaticallyPopulate>true</AutomaticallyPopulate><ResourceType>Worker</ResourceType><EmailAddress /><UserId /><ManagerialLevel>0</ManagerialLevel></LastModifiedBy><LastModified>2021-05-10T11:26:22</LastModified></ImportExportPackageSummaryOfSessionVariable><ImportExportPackageSummaryOfSessionVariable><Identity><Identity><Name>EPC</Name><Id>5E0F01E4914A48D08009FFC40C130EFF</Id><AutomaticallyPopulate>true</AutomaticallyPopulate></Identity><Description>The EPC.</Description><Value /><IsLocalizable>false</IsLocalizable><Category><Id>201F370CA5164F76ADDD8EEEFF666AF7</Id><AutomaticallyPopulate>true</AutomaticallyPopulate><Name>Default Category</Name><Description /></Category><LastModifiedDateTime>2018-07-27T09:47:05.64</LastModifiedDateTime><IsSecure>false</IsSecure></Identity><LastModifiedBy><Id /><AutomaticallyPopulate>true</AutomaticallyPopulate><ResourceType>Worker</ResourceType><EmailAddress /><UserId /><ManagerialLevel>0</ManagerialLevel></LastModifiedBy><LastModified>2018-07-27T09:47:05.64</LastModified></ImportExportPackageSummaryOfSessionVariable><ImportExportPackageSummaryOfSessionVariable><Identity><Identity><Name>JOB_ID</Name><Id>8A1DD88A21124A98A51B5679DE7FDCB4</Id><AutomaticallyPopulate>true</AutomaticallyPopulate></Identity><Description>The Job ID.</Description><Value /><IsLocalizable>false</IsLocalizable><Category><Id>201F370CA5164F76ADDD8EEEFF666AF7</Id><AutomaticallyPopulate>true</AutomaticallyPopulate><Name>Default Category</Name><Description /></Category><LastModifiedDateTime>2018-07-27T09:47:05.64</LastModifiedDateTime><IsSecure>false</IsSecure></Identity><LastModifiedBy><Id /><AutomaticallyPopulate>true</AutomaticallyPopulate><ResourceType>Worker</ResourceType><EmailAddress /><UserId /><ManagerialLevel>0</ManagerialLevel></LastModifiedBy><LastModified>2018-07-27T09:47:05.64</LastModified></ImportExportPackageSummaryOfSessionVariable><ImportExportPackageSummaryOfSessionVariable><Identity><Identity><Name>NODE_ID</Name><Id>AFBE96EA665E4F16A2FDA88044A23D0A</Id><AutomaticallyPopulate>true</AutomaticallyPopulate></Identity><Description>The Node ID.</Description><Value /><IsLocalizable>false</IsLocalizable><Category><Id>201F370CA5164F76ADDD8EEEFF666AF7</Id><AutomaticallyPopulate>true</AutomaticallyPopulate><Name>Default Category</Name><Description /></Category><LastModifiedDateTime>2018-07-27T09:47:05.64</LastModifiedDateTime><IsSecure>false</IsSecure></Identity><LastModifiedBy><Id /><AutomaticallyPopulate>true</AutomaticallyPopulate><ResourceType>Worker</ResourceType><EmailAddress /><UserId /><ManagerialLevel>0</ManagerialLevel></LastModifiedBy><LastModified>2018-07-27T09:47:05.64</LastModified></ImportExportPackageSummaryOfSessionVariable><ImportExportPackageSummaryOfSessionVariable><Identity><Identity><Name>SESSION_ID</Name><Id>161F8F818093437482D2886B7B6756BB</Id><AutomaticallyPopulate>true</AutomaticallyPopulate></Identity><Description>The current Session Identifer.</Description><Value /><IsLocalizable>false</IsLocalizable><Category><Id>201F370CA5164F76ADDD8EEEFF666AF7</Id><AutomaticallyPopulate>true</AutomaticallyPopulate><Name>Default Category</Name><Description /></Category><LastModifiedDateTime>2021-05-10T11:26:22</LastModifiedDateTime><IsSecure>false</IsSecure></Identity><LastModifiedBy><Id /><AutomaticallyPopulate>true</AutomaticallyPopulate><ResourceType>Worker</ResourceType><EmailAddress /><UserId /><ManagerialLevel>0</ManagerialLevel></LastModifiedBy><LastModified>2021-05-10T11:26:22</LastModified></ImportExportPackageSummaryOfSessionVariable></GlobalVariablesCollection><ServerXmlExpressionVariables /><DotNetReferences /><MiscellaneousFiles /><Queries /><FormTemplates /><Localisations /><Packages /><ExportConnectorDeploymentProperties /><ShowProcessAssociations>false</ShowProcessAssociations><ShowFormAssociations>false</ShowFormAssociations><SystemExportOptions><IncludeNoteTypes>false</IncludeNoteTypes><IncludeHotKeys>false</IncludeHotKeys><IncludePageRenditions>false</IncludePageRenditions><IncludeNodeColors>false</IncludeNodeColors><IncludeReportingTags>false</IncludeReportingTags><IncludeErrorCodes>false</IncludeErrorCodes></SystemExportOptions><ShowCategoryAssociations>false</ShowCategoryAssociations><Version><Major>7</Major><Minor>3</Minor><Build>1</Build><Revision>0</Revision></Version><DocumentTypeVariants /><ProtectAllItems>false</ProtectAllItems><ProtectedItems /><IncludeRoleMembers>false</IncludeRoleMembers><IncludeDevices>false</IncludeDevices><IncludeDeviceProfiles>false</IncludeDeviceProfiles><IncludeDeviceSettings>false</IncludeDeviceSettings><ExportConnectorMappings>false</ExportConnectorMappings><WebServices /><ImportConnections /><ImportSources /><OAuthServers /><CaptureSolution><Id /><Name /><Version>0</Version><Description /><DocumentLanguage /><CategoryIdentity><Id /><AutomaticallyPopulate>true</AutomaticallyPopulate><Name /><Description /></CategoryIdentity><LastModified>2024-12-04T18:47:23.0988213+00:00</LastModified><LockedBy><Id /><AutomaticallyPopulate>true</AutomaticallyPopulate><Name /><ResourceType>Worker</ResourceType><EmailAddress /><UserId /><ManagerialLevel>0</ManagerialLevel></LockedBy><ProcessIdentity><Id /><AutomaticallyPopulate>true</AutomaticallyPopulate><Version>0</Version><Name /></ProcessIdentity><ClassificationGroupIdentity><Id /><AutomaticallyPopulate>true</AutomaticallyPopulate><Version>0</Version><Name /></ClassificationGroupIdentity><GenerateMFPForms>false</GenerateMFPForms><ScanCNJFormLink /><ExpectedSolutionDuration>0</ExpectedSolutionDuration><UploadedDocsFolderId /><DownloadImagesAndData>false</DownloadImagesAndData><DeleteDocumentsWhenJobComplete>false</DeleteDocumentsWhenJobComplete><TrainingRequired>false</TrainingRequired><DownloadZipResources /><SeparationProfileIdentity /><MaintenanceAccessTokens /><FunctionalAccessResources /><ResourcePermissionType>FullControl</ResourcePermissionType><PackageId /></CaptureSolution><DataModels><ImportExportPackageSummaryOfDataModelIdentity><Identity><Id>2B218E31CA1D87736987732430C29BDC</Id><Version>1</Version><Name>ATT-SIMPLIFIED-RESULT-v1.0</Name></Identity><LastModifiedBy><Id>C13E87D165A945399B1E6A40F637B5C1</Id><AutomaticallyPopulate>true</AutomaticallyPopulate><ResourceType>Worker</ResourceType><EmailAddress /><UserId /><ManagerialLevel>0</ManagerialLevel></LastModifiedBy><LastModified>2024-12-03T14:32:28.993</LastModified></ImportExportPackageSummaryOfDataModelIdentity></DataModels><QuickApp><Id /><Name /><Version>0</Version><AppType>QuickWorkflow</AppType></QuickApp><QuickAppType>QuickWorkflow</QuickAppType><QuickAppLastModified>0001-01-01T00:00:00</QuickAppLastModified><PackageItemAssociations><PackageItemAssociation><Id>20DA5BB6517EA7589E8ACF571709318C</Id><Name /><ItemType>0</ItemType><AssociatedItems><AssociatedItem><Id>0AE913A4F18A483FB6B3BFA4D0FEBF60</Id><ItemType>28</ItemType><Name>Attestiv</Name></AssociatedItem><AssociatedItem><Id>20DA5BB6517EA7589E8ACF571709318C</Id><ItemType>0</ItemType><Name>POC_Attestiv_Image_Analysis</Name></AssociatedItem><AssociatedItem><Id>KTA_SDK_URL</Id><ItemType>35</ItemType><Name /></AssociatedItem><AssociatedItem><Id>SPP_SYSTEM_SESSION_ID</Id><ItemType>35</ItemType><Name /></AssociatedItem></AssociatedItems></PackageItemAssociation><PackageItemAssociation><Id>7CBA4C48FDE2A7DD04DB56D0C5B078E6</Id><Name /><ItemType>0</ItemType><AssociatedItems><AssociatedItem><Id>0AE913A4F18A483FB6B3BFA4D0FEBF60</Id><ItemType>28</ItemType><Name>Attestiv</Name></AssociatedItem><AssociatedItem><Id>E2A1706B60424707B39A1BDDDC8DB69C</Id><ItemType>28</ItemType><Name>TotalAgility Forms</Name></AssociatedItem><AssociatedItem><Id>2B218E31CA1D87736987732430C29BDC</Id><ItemType>44</ItemType><Name>ATT-SIMPLIFIED-RESULT-v1.0</Name></AssociatedItem><AssociatedItem><Id>1E70BD400456422DBFA431767DC6CB0F</Id><ItemType>36</ItemType><Name>WORKQUEUE_FORM</Name></AssociatedItem><AssociatedItem><Id>5E0F01E4914A48D08009FFC40C130EFF</Id><ItemType>36</ItemType><Name>EPC</Name></AssociatedItem><AssociatedItem><Id>8A1DD88A21124A98A51B5679DE7FDCB4</Id><ItemType>36</ItemType><Name>JOB_ID</Name></AssociatedItem><AssociatedItem><Id>AFBE96EA665E4F16A2FDA88044A23D0A</Id><ItemType>36</ItemType><Name>NODE_ID</Name></AssociatedItem><AssociatedItem><Id>161F8F818093437482D2886B7B6756BB</Id><ItemType>36</ItemType><Name>SESSION_ID</Name></AssociatedItem><AssociatedItem><Id>70524F38E409C62A6CB02E29B183DBFD</Id><ItemType>34</ItemType><Name>TIFF Conversion</Name></AssociatedItem><AssociatedItem><Id>6FFDC3609EDD4020999E1327B37D67D3</Id><ItemType>6</ItemType><Name>POC_Attestiv_Image_AnalysisDisplay Analysis</Name></AssociatedItem><AssociatedItem><Id>9DB3D0CCAA4A418FA3DB77272EAB74F6</Id><ItemType>6</ItemType><Name>AutomationRequest</Name></AssociatedItem><AssociatedItem><Id>7A3BB8E8840E404AB1EB5DBC87B54246</Id><ItemType>6</ItemType><Name>POC_Attestiv_Image_AnalysisReject Review</Name></AssociatedItem><AssociatedItem><Id>41FF9CDA654D41458850E660EDEC5AB6</Id><ItemType>6</ItemType><Name>POC_Attestiv_New_RequestCNJ</Name></AssociatedItem><AssociatedItem><Id>7CBA4C48FDE2A7DD04DB56D0C5B078E6</Id><ItemType>0</ItemType><Name>POC_Attestiv_New_Request</Name></AssociatedItem><AssociatedItem><Id>F430CA2ED9FE4358ABFFA74BCD3A19FB</Id><ItemType>0</ItemType><Name>POC_Attestiv_Image_Analysis</Name></AssociatedItem><AssociatedItem><Id>SPP_SYSTEM_SESSION_ID</Id><ItemType>35</ItemType><Name /></AssociatedItem><AssociatedItem><Id>KTA_SDK_URL</Id><ItemType>35</ItemType><Name /></AssociatedItem><AssociatedItem><Id>ATTIMGHRESMIN</Id><ItemType>35</ItemType><Name /></AssociatedItem><AssociatedItem><Id>ATTIMGVRESMIN</Id><ItemType>35</ItemType><Name /></AssociatedItem></AssociatedItems></PackageItemAssociation><PackageItemAssociation><Id>6FFDC3609EDD4020999E1327B37D67D3</Id><Name /><ItemType>6</ItemType><AssociatedItems /></PackageItemAssociation><PackageItemAssociation><Id>7A3BB8E8840E404AB1EB5DBC87B54246</Id><Name /><ItemType>6</ItemType><AssociatedItems /></PackageItemAssociation><PackageItemAssociation><Id>41FF9CDA654D41458850E660EDEC5AB6</Id><Name /><ItemType>6</ItemType><AssociatedItems /></PackageItemAssociation><PackageItemAssociation><Id>1E115A248F9641B7A384F858A0264FD2</Id><Name /><ItemType>4</ItemType><AssociatedItems><AssociatedItem><Id>1E115A248F9641B7A384F858A0264FD2</Id><ItemType>3</ItemType><Name>tungstenlabs.integration.attestiv.dll</Name></AssociatedItem><AssociatedItem><Id>0AE913A4F18A483FB6B3BFA4D0FEBF60</Id><ItemType>28</ItemType><Name>Attestiv</Name></AssociatedItem></AssociatedItems></PackageItemAssociation></PackageItemAssociations><CurrencyCodes /></SpaPackageImportExportData>