<?xml version="1.0" encoding="utf-16"?><SpaPackageImportExportData xmlns:xsd="http://www.w3.org/2001/XMLSchema" xmlns:xsi="http://www.w3.org/2001/XMLSchema-instance" dbversion="8.0.1"><PackageSummary><SpaPackageIdentity><Id>2D398D58165D474E9632C84017DBA2E2</Id><Name>Attestiv POC</Name><Version>2</Version></SpaPackageIdentity><Description /><CategoryIdentity><Id>0AE913A4F18A483FB6B3BFA4D0FEBF60</Id><AutomaticallyPopulate>true</AutomaticallyPopulate><Name>Attestiv</Name><Description /></CategoryIdentity><LastModifiedDateTime>2024-11-27T23:10:41.813</LastModifiedDateTime><LastModifiedResource><Id>C13E87D165A945399B1E6A40F637B5C1</Id><AutomaticallyPopulate>true</AutomaticallyPopulate><Name>Rafael Castro</Name><ResourceType>Worker</ResourceType><EmailAddress /><UserId /><ManagerialLevel>0</ManagerialLevel></LastModifiedResource><Comments /><ResourceAccessTokens><ResourceAccess><ResourceIdentity><Id>7DF43CCDF24611D2804B00104B71BD15</Id><AutomaticallyPopulate>true</AutomaticallyPopulate><Name>Everyone</Name><ResourceType>GroupOfWorkers</ResourceType><EmailAddress /><UserId /><ManagerialLevel>0</ManagerialLevel></ResourceIdentity><AccessType>MaintenanceAccess</AccessType><PermissionType>FullControl</PermissionType></ResourceAccess></ResourceAccessTokens><PermissionType>FullControl</PermissionType><SourceControlStatus>NotInSourceControl</SourceControlStatus><SpaPackageType>Default</SpaPackageType></PackageSummary><Processes><ImportExportPackageSummaryOfProcessIdentity><Identity><Id>20DA5BB6517EA7589E8ACF571709318C</Id><AutomaticallyPopulate>true</AutomaticallyPopulate><Version>3</Version><Name>POC_Attestiv_Image_Analysis</Name></Identity><LastModifiedBy><Id>C13E87D165A945399B1E6A40F637B5C1</Id><AutomaticallyPopulate>true</AutomaticallyPopulate><ResourceType>Worker</ResourceType><EmailAddress /><UserId /><ManagerialLevel>0</ManagerialLevel></LastModifiedBy><LastModified>2024-11-27T23:06:42.51</LastModified></ImportExportPackageSummaryOfProcessIdentity></Processes><ProcessExportOption><ExportResources>false</ExportResources><ExportGroupResourceMembers>false</ExportGroupResourceMembers><ExportResourcesExtensions>false</ExportResourcesExtensions><ExportCategories>false</ExportCategories><WithCategoryParentage>false</WithCategoryParentage><GeneralizedExport>false</GeneralizedExport><ExportDotNetReferencesWithPath>true</ExportDotNetReferencesWithPath><ExportCaseFragments>false</ExportCaseFragments><ExportTemplateSkins>true</ExportTemplateSkins><ExportExtractionClassificationData>true</ExportExtractionClassificationData><ExportGlobalDataModels>false</ExportGlobalDataModels><ExportProcessDataModels>false</ExportProcessDataModels><ExportType>CombineAssociatedMaps</ExportType><Version>0</Version><ExportServerVariables>true</ExportServerVariables><PreloadScript>1</PreloadScript><SleepDuration>0</SleepDuration><CategoryIds /><ProcessDocument>false</ProcessDocument><ProcessViewer>false</ProcessViewer><DotNetActivityType>0</DotNetActivityType><Projects /><AllProcessVariables /><ExportOnlyDocumentGroupIdentityDetails>false</ExportOnlyDocumentGroupIdentityDetails><SiteDetailsRequired>false</SiteDetailsRequired><CmisSiteDetailsRequired>false</CmisSiteDetailsRequired><Assets /><PerceptiveSiteDetailsRequired>false</PerceptiveSiteDetailsRequired><IncludeExportConnectorMappings>false</IncludeExportConnectorMappings><IncludeDocumentTypeRetentionPolicy>false</IncludeDocumentTypeRetentionPolicy><IsSpaExport>false</IsSpaExport><ProcessType>BusinessProcess</ProcessType><ProtectedItems /><ExportPageRenditions>false</ExportPageRenditions><ExportReportingTags>false</ExportReportingTags><ExportTestPlans>false</ExportTestPlans><IncludeProcessAssociationsInPackage>false</IncludeProcessAssociationsInPackage><IsGitExport>false</IsGitExport><ExcludeCaptureProjectTrainingSets>false</ExcludeCaptureProjectTrainingSets></ProcessExportOption><WorkAllocationRules /><Skins /><BusinessRules /><CustomServices /><CustomServiceGroups /><Assets><ImportExportPackageSummaryOfAssetIdentity><Identity><Id>EB0441E7ACE84798A07BD0DC6F1CB3B8</Id><Name>tungstenlabs.integration.attestiv.dll</Name><AssetType>DotNetAssembly</AssetType><AutomaticallyPopulate>true</AutomaticallyPopulate><StorageId>1</StorageId></Identity><LastModifiedBy><Id /><AutomaticallyPopulate>true</AutomaticallyPopulate><ResourceType>Worker</ResourceType><EmailAddress /><UserId /><ManagerialLevel>0</ManagerialLevel></LastModifiedBy><LastModified>2024-11-27T22:41:14.953</LastModified></ImportExportPackageSummaryOfAssetIdentity></Assets><Forms /><FormExportOptions><ExportHeader>false</ExportHeader><ExportNavigation>false</ExportNavigation><ExportGlobalVariables>true</ExportGlobalVariables><ExportWebServices>false</ExportWebServices><ExportBusinessRules>false</ExportBusinessRules><ExportSecurityTokens>false</ExportSecurityTokens><ExportSecurityRoles>false</ExportSecurityRoles><ExportRoleMembers>false</ExportRoleMembers><IsSpaExport>false</IsSpaExport></FormExportOptions><Navigations /><DeviceSettings /><Sites /><Themes /><Languages /><Lookups /><Resources /><Entities /><WorkTypes /><Checklists /><Folders /><ExtractionGroups /><ClassificationGroups /><Formatters /><FieldValidators /><ChecklistItems /><Events /><Targets /><Alerts /><AlertExportOption><ExportAssociatedProcess>false</ExportAssociatedProcess></AlertExportOption><Categories><ImportExportPackageSummaryOfCategoryIdentity><Identity><Id>0AE913A4F18A483FB6B3BFA4D0FEBF60</Id><AutomaticallyPopulate>true</AutomaticallyPopulate><Name>Attestiv</Name><Description /></Identity><LastModifiedBy><Id>C13E87D165A945399B1E6A40F637B5C1</Id><AutomaticallyPopulate>true</AutomaticallyPopulate><ResourceType>Worker</ResourceType><EmailAddress /><UserId /><ManagerialLevel>0</ManagerialLevel></LastModifiedBy><LastModified>2024-11-26T13:11:01.533</LastModified></ImportExportPackageSummaryOfCategoryIdentity></Categories><ScanVrsProfiles /><SeparationProfiles /><BarcodePatchcodeProfiles /><PdfGenerationProfiles /><DocConversionProfiles /><JobSchedules /><CaptureControlLayouts /><RegularExpressions /><Personas /><ServerVariables /><ServerVariablesCollection><ImportExportPackageSummaryOfVariable><Identity><VariableType>String</VariableType><Value xsi:type="xsd:string">https://ktacloudeco-dev.ktaprt.dev.kofaxcloud.com/services/sdk/</Value><Identity><Id>KTA_SDK_URL</Id><Version>0</Version><OwnerId /><DisplayName>KTA_SDK_URL</DisplayName><Name /></Identity><Dynamic>false</Dynamic><Category><Id>201F370CA5164F76ADDD8EEEFF666AF7</Id><AutomaticallyPopulate>true</AutomaticallyPopulate><Name /><Description /></Category><Grouping><Identity><Id>4FEE4E069417475DAC5D2C2E5C95CA49</Id></Identity><Variables /></Grouping><UseInSkin>false</UseInSkin><Found>false</Found><IsSecure>false</IsSecure><VariableScope>Process</VariableScope><IsDateExpression>false</IsDateExpression><DerivedExpression /><ErrorCodeMappingType>Static</ErrorCodeMappingType><VariableDisplayProperties><VariableIdentity><Id /><Version>0</Version><OwnerId /><DisplayName /><Name /></VariableIdentity><StringVariableDisplayProperties><VariableControlType>Singleline</VariableControlType><MaxNumberOfCharacters>0</MaxNumberOfCharacters><LookupIdentity /><StaticData /><Mandatory>false</Mandatory></StringVariableDisplayProperties><MinDate xsi:nil="true" /><MaxDate xsi:nil="true" /><DecimalPrecision>0</DecimalPrecision><ShowTime>false</ShowTime></VariableDisplayProperties><VariableAccessScope>Public</VariableAccessScope><IsResourceExpression>false</IsResourceExpression><IsDataObjectField>false</IsDataObjectField><IsDataObjectFieldOfTypeObject>false</IsDataObjectFieldOfTypeObject><BaseVariableType>String</BaseVariableType><BaseVariableId /></Identity><LastModifiedBy><Id /><AutomaticallyPopulate>true</AutomaticallyPopulate><ResourceType>Worker</ResourceType><EmailAddress /><UserId /><ManagerialLevel>0</ManagerialLevel></LastModifiedBy><LastModified>0001-01-01T00:00:00</LastModified></ImportExportPackageSummaryOfVariable><ImportExportPackageSummaryOfVariable><Identity><VariableType>System</VariableType><Value xsi:type="xsd:string" /><Identity><Id>SPP_SYSTEM_SESSION_ID</Id><Version>0</Version><OwnerId /><DisplayName>SPP_SYSTEM_SESSION_ID</DisplayName><Name /></Identity><Dynamic>true</Dynamic><Category><Id>FBCB88103B4D414FAE8E38058F46CCF4</Id><AutomaticallyPopulate>true</AutomaticallyPopulate><Name /><Description /></Category><Grouping><Identity><Id>4FEE4E069417475DAC5D2C2E5C95CA49</Id></Identity><Variables /></Grouping><UseInSkin>false</UseInSkin><Found>false</Found><IsSecure>false</IsSecure><VariableScope>Process</VariableScope><IsDateExpression>false</IsDateExpression><DerivedExpression /><ErrorCodeMappingType>Static</ErrorCodeMappingType><VariableDisplayProperties><VariableIdentity><Id /><Version>0</Version><OwnerId /><DisplayName /><Name /></VariableIdentity><StringVariableDisplayProperties><VariableControlType>Singleline</VariableControlType><MaxNumberOfCharacters>0</MaxNumberOfCharacters><LookupIdentity /><StaticData /><Mandatory>false</Mandatory></StringVariableDisplayProperties><MinDate xsi:nil="true" /><MaxDate xsi:nil="true" /><DecimalPrecision>0</DecimalPrecision><ShowTime>false</ShowTime></VariableDisplayProperties><VariableAccessScope>Public</VariableAccessScope><IsResourceExpression>false</IsResourceExpression><IsDataObjectField>false</IsDataObjectField><IsDataObjectFieldOfTypeObject>false</IsDataObjectFieldOfTypeObject><BaseVariableType>System</BaseVariableType><BaseVariableId /></Identity><LastModifiedBy><Id /><AutomaticallyPopulate>true</AutomaticallyPopulate><ResourceType>Worker</ResourceType><EmailAddress /><UserId /><ManagerialLevel>0</ManagerialLevel></LastModifiedBy><LastModified>0001-01-01T00:00:00</LastModified></ImportExportPackageSummaryOfVariable></ServerVariablesCollection><ThreadPools><ImportExportPackageSummaryOfThreadPoolIdentity><Identity><Id>0</Id><Name>Default Thread Pool</Name></Identity><LastModifiedBy><Id /><AutomaticallyPopulate>true</AutomaticallyPopulate><ResourceType>Worker</ResourceType><EmailAddress /><UserId /><ManagerialLevel>0</ManagerialLevel></LastModifiedBy><LastModified>0001-01-01T00:00:00</LastModified></ImportExportPackageSummaryOfThreadPoolIdentity></ThreadPools><Tags /><GlobalVariables /><GlobalVariablesCollection /><ServerXmlExpressionVariables /><DotNetReferences /><MiscellaneousFiles /><Queries /><FormTemplates /><Localisations /><Packages /><ExportConnectorDeploymentProperties /><ShowProcessAssociations>false</ShowProcessAssociations><ShowFormAssociations>false</ShowFormAssociations><SystemExportOptions><IncludeNoteTypes>false</IncludeNoteTypes><IncludeHotKeys>false</IncludeHotKeys><IncludePageRenditions>false</IncludePageRenditions><IncludeNodeColors>false</IncludeNodeColors><IncludeReportingTags>false</IncludeReportingTags><IncludeErrorCodes>false</IncludeErrorCodes></SystemExportOptions><ShowCategoryAssociations>false</ShowCategoryAssociations><Version><Major>7</Major><Minor>3</Minor><Build>1</Build><Revision>0</Revision></Version><DocumentTypeVariants /><ProtectAllItems>false</ProtectAllItems><ProtectedItems /><IncludeRoleMembers>false</IncludeRoleMembers><IncludeDevices>false</IncludeDevices><IncludeDeviceProfiles>false</IncludeDeviceProfiles><IncludeDeviceSettings>false</IncludeDeviceSettings><ExportConnectorMappings>false</ExportConnectorMappings><WebServices /><ImportConnections /><ImportSources /><OAuthServers /><CaptureSolution><Id /><Name /><Version>0</Version><Description /><DocumentLanguage /><CategoryIdentity><Id /><AutomaticallyPopulate>true</AutomaticallyPopulate><Name /><Description /></CategoryIdentity><LastModified>2024-11-27T23:10:52.4138635+00:00</LastModified><LockedBy><Id /><AutomaticallyPopulate>true</AutomaticallyPopulate><Name /><ResourceType>Worker</ResourceType><EmailAddress /><UserId /><ManagerialLevel>0</ManagerialLevel></LockedBy><ProcessIdentity><Id /><AutomaticallyPopulate>true</AutomaticallyPopulate><Version>0</Version><Name /></ProcessIdentity><ClassificationGroupIdentity><Id /><AutomaticallyPopulate>true</AutomaticallyPopulate><Version>0</Version><Name /></ClassificationGroupIdentity><GenerateMFPForms>false</GenerateMFPForms><ScanCNJFormLink /><ExpectedSolutionDuration>0</ExpectedSolutionDuration><UploadedDocsFolderId /><DownloadImagesAndData>false</DownloadImagesAndData><DeleteDocumentsWhenJobComplete>false</DeleteDocumentsWhenJobComplete><TrainingRequired>false</TrainingRequired><DownloadZipResources /><SeparationProfileIdentity /><MaintenanceAccessTokens /><FunctionalAccessResources /><ResourcePermissionType>FullControl</ResourcePermissionType><PackageId /></CaptureSolution><DataModels /><QuickApp><Id /><Name /><Version>0</Version><AppType>QuickWorkflow</AppType></QuickApp><QuickAppType>QuickWorkflow</QuickAppType><QuickAppLastModified>0001-01-01T00:00:00</QuickAppLastModified><PackageItemAssociations><PackageItemAssociation><Id>20DA5BB6517EA7589E8ACF571709318C</Id><Name /><ItemType>0</ItemType><AssociatedItems><AssociatedItem><Id>0AE913A4F18A483FB6B3BFA4D0FEBF60</Id><ItemType>28</ItemType><Name>Attestiv</Name></AssociatedItem><AssociatedItem><Id>20DA5BB6517EA7589E8ACF571709318C</Id><ItemType>0</ItemType><Name>POC_Attestiv_Image_Analysis</Name></AssociatedItem><AssociatedItem><Id>KTA_SDK_URL</Id><ItemType>35</ItemType><Name /></AssociatedItem><AssociatedItem><Id>SPP_SYSTEM_SESSION_ID</Id><ItemType>35</ItemType><Name /></AssociatedItem></AssociatedItems></PackageItemAssociation><PackageItemAssociation><Id>EB0441E7ACE84798A07BD0DC6F1CB3B8</Id><Name /><ItemType>4</ItemType><AssociatedItems><AssociatedItem><Id>EB0441E7ACE84798A07BD0DC6F1CB3B8</Id><ItemType>3</ItemType><Name>tungstenlabs.integration.attestiv.dll</Name></AssociatedItem><AssociatedItem><Id>0AE913A4F18A483FB6B3BFA4D0FEBF60</Id><ItemType>28</ItemType><Name>Attestiv</Name></AssociatedItem></AssociatedItems></PackageItemAssociation></PackageItemAssociations><CurrencyCodes /></SpaPackageImportExportData>