<?xml version="1.0" encoding="utf-16"?>
<ArrayOfCategory xmlns:xsd="http://www.w3.org/2001/XMLSchema" xmlns:xsi="http://www.w3.org/2001/XMLSchema-instance">
  <Category>
    <Identity>
      <Id>0AE913A4F18A483FB6B3BFA4D0FEBF60</Id>
      <AutomaticallyPopulate>true</AutomaticallyPopulate>
      <Name>Attestiv</Name>
      <Description />
    </Identity>
    <Description />
    <ResourceAccessList>
      <ResourceAccess>
        <ResourceIdentity>
          <Id>7DF43CCDF24611D2804B00104B71BD15</Id>
          <AutomaticallyPopulate>true</AutomaticallyPopulate>
          <Name>Everyone</Name>
          <ResourceType>GroupOfWorkers</ResourceType>
          <EmailAddress />
          <UserId />
          <ManagerialLevel>0</ManagerialLevel>
        </ResourceIdentity>
        <AccessType>MaintenanceAccess</AccessType>
        <PermissionType>FullControl</PermissionType>
      </ResourceAccess>
    </ResourceAccessList>
    <LastModifiedDate>2024-11-26T13:11:01.533</LastModifiedDate>
    <LastModifiedUser>C13E87D165A945399B1E6A40F637B5C1</LastModifiedUser>
    <LastModifiedUserName>Rafael Castro</LastModifiedUserName>
  </Category>
  <Category>
    <Identity>
      <Id>201F370CA5164F76ADDD8EEEFF666AF7</Id>
      <AutomaticallyPopulate>true</AutomaticallyPopulate>
      <Name>Default Category</Name>
      <Description />
    </Identity>
    <Description>Default Category</Description>
    <ResourceAccessList>
      <ResourceAccess>
        <ResourceIdentity>
          <Id>3A6B3531C4A94AB481586701D94FC318</Id>
          <AutomaticallyPopulate>true</AutomaticallyPopulate>
          <Name>Administrators</Name>
          <ResourceType>GroupOfWorkers</ResourceType>
          <EmailAddress />
          <UserId />
          <ManagerialLevel>0</ManagerialLevel>
        </ResourceIdentity>
        <AccessType>MaintenanceAccess</AccessType>
        <PermissionType>FullControl</PermissionType>
      </ResourceAccess>
      <ResourceAccess>
        <ResourceIdentity>
          <Id>E3F09A384CF34AA98C1DC030A9FE670A</Id>
          <AutomaticallyPopulate>true</AutomaticallyPopulate>
          <Name>Device Users</Name>
          <ResourceType>GroupOfWorkers</ResourceType>
          <EmailAddress />
          <UserId />
          <ManagerialLevel>0</ManagerialLevel>
        </ResourceIdentity>
        <AccessType>MaintenanceAccess</AccessType>
        <PermissionType>FullControl</PermissionType>
      </ResourceAccess>
      <ResourceAccess>
        <ResourceIdentity>
          <Id>E7E11DA233B643C883814ADAAA11C0E1</Id>
          <AutomaticallyPopulate>true</AutomaticallyPopulate>
          <Name>Designers</Name>
          <ResourceType>GroupOfWorkers</ResourceType>
          <EmailAddress />
          <UserId />
          <ManagerialLevel>0</ManagerialLevel>
        </ResourceIdentity>
        <AccessType>MaintenanceAccess</AccessType>
        <PermissionType>FullControl</PermissionType>
      </ResourceAccess>
    </ResourceAccessList>
    <LastModifiedDate>2022-12-02T21:12:00</LastModifiedDate>
    <LastModifiedUser>7DF43CCDF24611D2804B00104B71BD10</LastModifiedUser>
    <LastModifiedUserName>TotalAgility</LastModifiedUserName>
  </Category>
  <Category>
    <Identity>
      <Id>A08C5B14E0A64A3DB33CE9AB312D2D18</Id>
      <AutomaticallyPopulate>true</AutomaticallyPopulate>
      <Name>Resistant.ai</Name>
      <Description />
    </Identity>
    <Description />
    <ResourceAccessList>
      <ResourceAccess>
        <ResourceIdentity>
          <Id>7DF43CCDF24611D2804B00104B71BD15</Id>
          <AutomaticallyPopulate>true</AutomaticallyPopulate>
          <Name>Everyone</Name>
          <ResourceType>GroupOfWorkers</ResourceType>
          <EmailAddress />
          <UserId />
          <ManagerialLevel>0</ManagerialLevel>
        </ResourceIdentity>
        <AccessType>MaintenanceAccess</AccessType>
        <PermissionType>FullControl</PermissionType>
      </ResourceAccess>
    </ResourceAccessList>
    <LastModifiedDate>2024-08-27T01:57:04.783</LastModifiedDate>
    <LastModifiedUser>1449EC114C3BC751B5F5D73608203364</LastModifiedUser>
    <LastModifiedUserName>KTACloudEcoAdmin</LastModifiedUserName>
  </Category>
  <Category>
    <Identity>
      <Id>E2A1706B60424707B39A1BDDDC8DB69C</Id>
      <AutomaticallyPopulate>true</AutomaticallyPopulate>
      <Name>TotalAgility Forms</Name>
      <Description />
    </Identity>
    <Description />
    <ResourceAccessList>
      <ResourceAccess>
        <ResourceIdentity>
          <Id>3A6B3531C4A94AB481586701D94FC318</Id>
          <AutomaticallyPopulate>true</AutomaticallyPopulate>
          <Name>Administrators</Name>
          <ResourceType>GroupOfWorkers</ResourceType>
          <EmailAddress />
          <UserId />
          <ManagerialLevel>0</ManagerialLevel>
        </ResourceIdentity>
        <AccessType>MaintenanceAccess</AccessType>
        <PermissionType>FullControl</PermissionType>
      </ResourceAccess>
      <ResourceAccess>
        <ResourceIdentity>
          <Id>E3F09A384CF34AA98C1DC030A9FE670A</Id>
          <AutomaticallyPopulate>true</AutomaticallyPopulate>
          <Name>Device Users</Name>
          <ResourceType>GroupOfWorkers</ResourceType>
          <EmailAddress />
          <UserId />
          <ManagerialLevel>0</ManagerialLevel>
        </ResourceIdentity>
        <AccessType>MaintenanceAccess</AccessType>
        <PermissionType>FullControl</PermissionType>
      </ResourceAccess>
      <ResourceAccess>
        <ResourceIdentity>
          <Id>E7E11DA233B643C883814ADAAA11C0E1</Id>
          <AutomaticallyPopulate>true</AutomaticallyPopulate>
          <Name>Designers</Name>
          <ResourceType>GroupOfWorkers</ResourceType>
          <EmailAddress />
          <UserId />
          <ManagerialLevel>0</ManagerialLevel>
        </ResourceIdentity>
        <AccessType>MaintenanceAccess</AccessType>
        <PermissionType>FullControl</PermissionType>
      </ResourceAccess>
    </ResourceAccessList>
    <LastModifiedDate>2024-08-21T15:00:23.423</LastModifiedDate>
    <LastModifiedUser>7DF43CCDF24611D2804B00104B71BD10</LastModifiedUser>
    <LastModifiedUserName>TotalAgility</LastModifiedUserName>
  </Category>
</ArrayOfCategory>