<?xml version="1.0" encoding="utf-16"?>
<ArrayOfWorkQueueDefinition xmlns:xsd="http://www.w3.org/2001/XMLSchema" xmlns:xsi="http://www.w3.org/2001/XMLSchema-instance">
  <WorkQueueDefinition>
    <Identity>
      <Id>B31D8C2F68F947F4B0CA7F1A171FBEA8</Id>
      <AutomaticallyPopulate>true</AutomaticallyPopulate>
      <Name>ATTESTIV</Name>
      <LastModifiedOn>0001-01-01T00:00:00</LastModifiedOn>
    </Identity>
    <Id>B31D8C2F68F947F4B0CA7F1A171FBEA8</Id>
    <Name>ATTESTIV</Name>
    <CategoryIdentity>
      <Id>0AE913A4F18A483FB6B3BFA4D0FEBF60</Id>
      <AutomaticallyPopulate>true</AutomaticallyPopulate>
      <Name>Attestiv</Name>
      <Description />
    </CategoryIdentity>
    <Fields>
      <WorkQueueDefinitionField>
        <Name>ANALYSISID</Name>
        <Position>1</Position>
        <DisplayName>Analysis ID</DisplayName>
        <FieldType>String</FieldType>
        <DefaultValue xsi:type="xsd:string" />
        <Scope>0</Scope>
      </WorkQueueDefinitionField>
      <WorkQueueDefinitionField>
        <Name>TAMPERSCORE</Name>
        <Position>2</Position>
        <DisplayName>Tamper Score</DisplayName>
        <FieldType>String</FieldType>
        <DefaultValue xsi:type="xsd:string" />
        <Scope>0</Scope>
      </WorkQueueDefinitionField>
      <WorkQueueDefinitionField>
        <Name>IMAGENAME</Name>
        <Position>3</Position>
        <DisplayName>Image Name</DisplayName>
        <FieldType>String</FieldType>
        <DefaultValue xsi:type="xsd:string" />
        <Scope>0</Scope>
      </WorkQueueDefinitionField>
      <WorkQueueDefinitionField>
        <Name>ANALYZEDON</Name>
        <Position>4</Position>
        <DisplayName>Analyzed On</DisplayName>
        <FieldType>NullableDate</FieldType>
        <DefaultValue xsi:type="xsd:string" />
        <Scope>0</Scope>
      </WorkQueueDefinitionField>
    </Fields>
    <Metadata />
    <LastModifiedOn>2024-12-09T15:42:14.73</LastModifiedOn>
    <ResourceAccessTokens>
      <ResourceAccess>
        <ResourceIdentity>
          <Id>7DF43CCDF24611D2804B00104B71BD15</Id>
          <AutomaticallyPopulate>true</AutomaticallyPopulate>
          <Name>Everyone</Name>
          <ResourceType>GroupOfWorkers</ResourceType>
          <EmailAddress />
          <UserId />
          <ManagerialLevel>0</ManagerialLevel>
        </ResourceIdentity>
        <AccessType>MaintenanceAccess</AccessType>
        <PermissionType>FullControl</PermissionType>
      </ResourceAccess>
    </ResourceAccessTokens>
    <ResourcePermissionType>FullControl</ResourcePermissionType>
  </WorkQueueDefinition>
</ArrayOfWorkQueueDefinition>