<?xml version="1.0" encoding="utf-16"?>
<ArrayOfSite xmlns:xsd="http://www.w3.org/2001/XMLSchema" xmlns:xsi="http://www.w3.org/2001/XMLSchema-instance">
  <Site>
    <SiteIdentity>
      <Id>333567B96D04474885E99CC3AED08990</Id>
      <AutomaticallyPopulate>true</AutomaticallyPopulate>
      <Name>attestiv</Name>
    </SiteIdentity>
    <CategoryIdentity>
      <Id>0AE913A4F18A483FB6B3BFA4D0FEBF60</Id>
      <AutomaticallyPopulate>true</AutomaticallyPopulate>
      <Name>Attestiv</Name>
      <Description />
    </CategoryIdentity>
    <LastModifiedUser>
      <Id>C13E87D165A945399B1E6A40F637B5C1</Id>
      <AutomaticallyPopulate>true</AutomaticallyPopulate>
      <ResourceType>Worker</ResourceType>
      <EmailAddress />
      <UserId />
      <ManagerialLevel>0</ManagerialLevel>
    </LastModifiedUser>
    <LastModifiedTime>2024-12-09T22:08:17.127</LastModifiedTime>
    <Settings>
      <DesktopSite>
        <DefaultForm>
          <Id>FDE1A270BC0544E19F9BB6D8231BE879</Id>
          <AutomaticallyPopulate>true</AutomaticallyPopulate>
          <Name>attestiv-login</Name>
          <Version>7</Version>
        </DefaultForm>
        <HeaderForm>
          <Id>C70C29AF99B6417E8D353E026A3F2D31</Id>
          <AutomaticallyPopulate>true</AutomaticallyPopulate>
          <Name>attestiv-header</Name>
          <Version>4</Version>
        </HeaderForm>
        <HorizontalNavigationMenu>
          <Id>9C2D98923C96434BBC3253485CF3B1D9</Id>
          <Name>attestiv-navigation</Name>
          <LastModifiedDate>2024-12-09T18:54:05.808+00:00</LastModifiedDate>
        </HorizontalNavigationMenu>
        <VerticalNavigationMenu>
          <Id />
          <Name />
          <LastModifiedDate>2024-12-09T18:52:02.244+00:00</LastModifiedDate>
        </VerticalNavigationMenu>
        <ThemeIdentity>
          <Id>0178FEA2525C4F3D8AC51E3C273D865D</Id>
          <AutomaticallyPopulate>true</AutomaticallyPopulate>
          <Name>TotalAgility Workspace</Name>
        </ThemeIdentity>
        <IsVerticalNavMenuCollapsible>false</IsVerticalNavMenuCollapsible>
        <IsVerticalNavMenuCollapsed>false</IsVerticalNavMenuCollapsed>
      </DesktopSite>
      <TabletSite>
        <DefaultForm>
          <Id>E06E07F452C047A9A3C2FE45A01DC871</Id>
          <AutomaticallyPopulate>true</AutomaticallyPopulate>
          <Name>attestiv-home</Name>
          <Version>3</Version>
        </DefaultForm>
        <HeaderForm>
          <Id>C70C29AF99B6417E8D353E026A3F2D31</Id>
          <AutomaticallyPopulate>true</AutomaticallyPopulate>
          <Name>attestiv-header</Name>
          <Version>4</Version>
        </HeaderForm>
        <HorizontalNavigationMenu>
          <Id>9C2D98923C96434BBC3253485CF3B1D9</Id>
          <Name>attestiv-navigation</Name>
          <LastModifiedDate>2024-12-09T18:54:39.186+00:00</LastModifiedDate>
        </HorizontalNavigationMenu>
        <VerticalNavigationMenu>
          <Id />
          <Name />
          <LastModifiedDate>2024-12-09T18:52:02.244+00:00</LastModifiedDate>
        </VerticalNavigationMenu>
        <ThemeIdentity>
          <Id>0178FEA2525C4F3D8AC51E3C273D865D</Id>
          <AutomaticallyPopulate>true</AutomaticallyPopulate>
          <Name>TotalAgility Workspace</Name>
        </ThemeIdentity>
        <IsVerticalNavMenuCollapsible>false</IsVerticalNavMenuCollapsible>
        <IsVerticalNavMenuCollapsed>false</IsVerticalNavMenuCollapsed>
      </TabletSite>
      <MobileSite>
        <DefaultForm>
          <Id />
          <AutomaticallyPopulate>true</AutomaticallyPopulate>
          <Name />
          <Version>0</Version>
        </DefaultForm>
        <HeaderForm>
          <Id />
          <AutomaticallyPopulate>true</AutomaticallyPopulate>
          <Name />
          <Version>0</Version>
        </HeaderForm>
        <HorizontalNavigationMenu>
          <Id />
          <Name />
          <LastModifiedDate>2024-12-09T18:52:02.244+00:00</LastModifiedDate>
        </HorizontalNavigationMenu>
        <VerticalNavigationMenu>
          <Id />
          <Name />
          <LastModifiedDate>2024-12-09T18:52:02.244+00:00</LastModifiedDate>
        </VerticalNavigationMenu>
        <ThemeIdentity>
          <Id>0178FEA2525C4F3D8AC51E3C273D865D</Id>
          <AutomaticallyPopulate>true</AutomaticallyPopulate>
          <Name>TotalAgility Workspace</Name>
        </ThemeIdentity>
        <IsVerticalNavMenuCollapsible>false</IsVerticalNavMenuCollapsible>
        <IsVerticalNavMenuCollapsed>false</IsVerticalNavMenuCollapsed>
      </MobileSite>
      <SiteLanguages />
    </Settings>
    <LockedBy>
      <Id>C13E87D165A945399B1E6A40F637B5C1</Id>
      <AutomaticallyPopulate>true</AutomaticallyPopulate>
      <Name />
      <ResourceType>Worker</ResourceType>
      <EmailAddress />
      <UserId />
      <ManagerialLevel>0</ManagerialLevel>
    </LockedBy>
  </Site>
</ArrayOfSite>